LoteProcesoID,FechaIngresoID,FechaIngreso,FechaSalidaID,FechaSalida,PlantaID,LineaProcesoID,FormatoID,LoteCampoOrigenID,Campania,KgIngresoMP,KgProductoTerminado,KgMermaProceso,KgRechazoCalidad,HorasOperacion,CostoProcesoSoles
LP-2022-000030,20220112,2022-01-12,20220114,2022-01-14,PLT01,LIN001,FMT01,LC-2022-002295,2022,14943.32,9450.81,5140.21,352.3,24.07,36041.77
LP-2022-000033,20220113,2022-01-13,20220114,2022-01-14,PLT02,LIN005,FMT02,LC-2022-000247,2022,22084.46,14126.34,7435.16,522.96,35.7,64575.24
LP-2022-000044,20220120,2022-01-20,20220123,2022-01-23,PLT01,LIN004,FMT05,LC-2022-002407,2022,18658.2,14369.98,3629.14,659.08,22.38,61236.36
LP-2022-000045,20220120,2022-01-20,20220121,2022-01-21,PLT02,LIN007,FMT04,LC-2022-002407,2022,15522.27,11432.63,3176.9,912.74,22.91,41650.77
LP-2022-000046,20220120,2022-01-20,20220123,2022-01-23,PLT01,LIN003,FMT04,LC-2022-002407,2022,17078.79,12892.37,3735.3,451.12,22.34,54679.73
LP-2022-000057,20220124,2022-01-24,20220125,2022-01-25,PLT02,LIN006,FMT03,LC-2022-000654,2022,2807.02,1934.17,762.01,110.84,4.68,9362.89
LP-2022-000064,20220128,2022-01-28,20220130,2022-01-30,PLT02,LIN006,FMT03,LC-2022-000883,2022,2407.01,1562.56,675.57,168.88,3.73,5066.41
LP-2022-000071,20220130,2022-01-30,20220131,2022-01-31,PLT02,LIN007,FMT04,LC-2022-000950,2022,821.75,593.0,184.98,43.77,1.02,2475.14
LP-2022-000074,20220130,2022-01-30,20220201,2022-02-01,PLT02,LIN006,FMT02,LC-2022-000950,2022,907.44,598.28,295.59,13.57,1.55,2675.33
LP-2022-000081,20220202,2022-02-02,20220203,2022-02-03,PLT01,LIN002,FMT02,LC-2022-002214,2022,478.37,310.23,155.36,12.78,0.8,1375.58
LP-2022-000088,20220504,2022-05-04,20220505,2022-05-05,PLT02,LIN006,FMT03,LC-2022-000107,2022,14970.34,9897.05,4287.48,785.81,24.36,39044.57
LP-2022-000094,20220505,2022-05-05,20220506,2022-05-06,PLT01,LIN002,FMT01,LC-2022-000539,2022,50840.86,33171.03,15782.32,1887.51,79.2,122459.5
LP-2022-000125,20220517,2022-05-17,20220518,2022-05-18,PLT02,LIN006,FMT01,LC-2022-001417,2022,19329.26,13003.8,5565.43,760.03,31.86,41902.79
LP-2022-000135,20220521,2022-05-21,20220522,2022-05-22,PLT01,LIN004,FMT05,LC-2022-001204,2022,28546.42,22450.32,4756.44,1339.66,35.91,89431.82
LP-2022-000142,20220524,2022-05-24,20220525,2022-05-25,PLT01,LIN002,FMT02,LC-2022-001818,2022,11794.53,7619.27,3827.0,348.26,17.9,34618.41
LP-2022-000150,20220526,2022-05-26,20220528,2022-05-28,PLT02,LIN008,FMT05,LC-2022-002017,2022,12775.37,9707.62,2674.94,392.81,14.23,44608.71
LP-2022-000153,20220526,2022-05-26,20220527,2022-05-27,PLT01,LIN002,FMT01,LC-2022-002017,2022,4176.66,2788.59,1323.21,64.86,6.38,12570.47
LP-2022-000171,20220604,2022-06-04,20220607,2022-06-07,PLT01,LIN003,FMT04,LC-2022-000504,2022,79037.66,51841.5,23405.32,3790.84,97.1,202781.57
LP-2022-000174,20220606,2022-06-06,20220607,2022-06-07,PLT02,LIN008,FMT05,LC-2022-000575,2022,14038.38,10427.05,3020.41,590.92,17.32,43898.68
LP-2022-000176,20220607,2022-06-07,20220609,2022-06-09,PLT02,LIN008,FMT05,LC-2022-002285,2022,177311.66,141239.49,24031.42,12040.75,213.94,650970.12
LP-2022-000179,20220608,2022-06-08,20220609,2022-06-09,PLT01,LIN004,FMT05,LC-2022-000656,2022,41506.45,34390.99,4340.07,2775.39,49.47,152463.19
LP-2022-000189,20220611,2022-06-11,20220613,2022-06-13,PLT01,LIN002,FMT02,LC-2022-000080,2022,44594.03,26306.3,17366.43,921.3,61.68,71022.25
LP-2022-000195,20220613,2022-06-13,20220614,2022-06-14,PLT02,LIN008,FMT05,LC-2022-000774,2022,5173.62,3776.65,1106.65,290.32,5.99,17574.79
LP-2022-000197,20220614,2022-06-14,20220615,2022-06-15,PLT01,LIN002,FMT03,LC-2022-001869,2022,3244.09,2271.92,790.54,181.63,5.51,9345.84
LP-2022-000212,20220622,2022-06-22,20220625,2022-06-25,PLT01,LIN002,FMT03,LC-2022-001134,2022,20463.44,12866.39,6655.26,941.79,29.52,49917.88
LP-2022-000222,20220626,2022-06-26,20220627,2022-06-27,PLT02,LIN005,FMT01,LC-2022-001638,2022,7372.78,4989.39,2157.53,225.86,12.09,22449.87
LP-2022-000234,20220629,2022-06-29,20220630,2022-06-30,PLT01,LIN004,FMT05,LC-2022-001225,2022,48628.07,38449.23,8060.22,2118.62,56.58,198045.38
LP-2022-000240,20220703,2022-07-03,20220705,2022-07-05,PLT01,LIN004,FMT05,LC-2022-001912,2022,134125.38,101605.67,24609.35,7910.36,159.85,360271.51
LP-2022-000258,20220712,2022-07-12,20220713,2022-07-13,PLT02,LIN008,FMT05,LC-2022-002436,2022,78669.64,61120.63,14238.1,3310.91,98.85,238409.72
LP-2022-000271,20220718,2022-07-18,20220719,2022-07-19,PLT01,LIN002,FMT03,LC-2022-001051,2022,34677.21,23010.99,10729.81,936.41,56.32,100772.88
LP-2022-000283,20220722,2022-07-22,20220724,2022-07-24,PLT02,LIN007,FMT04,LC-2022-001372,2022,43315.73,32731.15,8246.35,2338.23,55.95,148717.7
LP-2022-000297,20220727,2022-07-27,20220729,2022-07-29,PLT02,LIN006,FMT01,LC-2022-002291,2022,36532.42,23072.15,12692.35,767.92,59.72,102855.3
LP-2022-000299,20220728,2022-07-28,20220729,2022-07-29,PLT02,LIN005,FMT03,LC-2022-001422,2022,10636.09,7734.86,2288.83,612.4,19.57,38202.95
LP-2022-000319,20220804,2022-08-04,20220805,2022-08-05,PLT01,LIN003,FMT04,LC-2022-001498,2022,50683.9,37082.3,12122.43,1479.17,73.63,158980.86
LP-2022-000325,20220808,2022-08-08,20220809,2022-08-09,PLT01,LIN001,FMT02,LC-2022-000104,2022,157511.34,104976.66,48945.73,3588.95,255.7,441717.58
LP-2022-000355,20220820,2022-08-20,20220821,2022-08-21,PLT02,LIN006,FMT03,LC-2022-001477,2022,46547.01,32831.74,11822.41,1892.86,80.08,138396.76
LP-2022-000366,20220825,2022-08-25,20220828,2022-08-28,PLT01,LIN001,FMT03,LC-2022-001624,2022,64111.37,40427.25,20269.04,3415.08,101.64,142495.29
LP-2022-000388,20220904,2022-09-04,20220905,2022-09-05,PLT02,LIN007,FMT04,LC-2022-000310,2022,32861.68,23976.36,7185.1,1700.22,41.36,83142.68
LP-2022-000394,20220906,2022-09-06,20220907,2022-09-07,PLT02,LIN008,FMT05,LC-2022-002510,2022,31020.12,24345.97,5536.32,1137.83,40.43,101819.69
LP-2022-000409,20220911,2022-09-11,20220912,2022-09-12,PLT01,LIN001,FMT01,LC-2022-001807,2022,26120.62,15845.89,9087.43,1187.3,35.64,68230.79
LP-2022-000412,20220912,2022-09-12,20220913,2022-09-13,PLT02,LIN008,FMT05,LC-2022-001143,2022,33053.99,24676.85,7239.62,1137.52,40.3,111677.53
LP-2022-000434,20220922,2022-09-22,20220924,2022-09-24,PLT01,LIN001,FMT02,LC-2022-001809,2022,20052.65,12786.33,6698.03,568.29,30.67,45946.65
LP-2022-000437,20220922,2022-09-22,20220924,2022-09-24,PLT02,LIN006,FMT02,LC-2022-001809,2022,53752.72,29700.06,21885.88,2166.78,71.73,114008.71
LP-2022-000440,20220924,2022-09-24,20220925,2022-09-25,PLT01,LIN004,FMT05,LC-2022-000571,2022,50116.7,38711.51,10396.51,1008.68,61.22,151286.62
LP-2022-000451,20220927,2022-09-27,20220928,2022-09-28,PLT02,LIN006,FMT02,LC-2022-000118,2022,7879.66,5378.77,2000.93,499.96,12.92,20902.14
LP-2022-000457,20220929,2022-09-29,20221002,2022-10-02,PLT02,LIN005,FMT03,LC-2022-002567,2022,17757.42,11635.2,5640.21,482.01,28.0,52524.37
LP-2022-000458,20220929,2022-09-29,20220930,2022-09-30,PLT01,LIN003,FMT04,LC-2022-002567,2022,13436.72,8804.51,4180.61,451.6,16.69,40858.12
LP-2022-000461,20220930,2022-09-30,20221002,2022-10-02,PLT02,LIN005,FMT01,LC-2022-002059,2022,27019.16,20238.42,5554.78,1225.96,47.63,79885.91
LP-2022-000463,20221001,2022-10-01,20221002,2022-10-02,PLT01,LIN004,FMT05,LC-2022-001479,2022,16447.43,13519.8,2732.0,195.63,20.29,64208.25
LP-2022-000464,20221001,2022-10-01,20221003,2022-10-03,PLT02,LIN007,FMT04,LC-2022-001479,2022,123731.09,81043.8,34690.5,7996.79,160.53,386935.38
LP-2022-000472,20221005,2022-10-05,20221006,2022-10-06,PLT02,LIN008,FMT05,LC-2022-000125,2022,29158.98,23241.21,5125.47,792.3,34.05,101062.45
LP-2022-000479,20221007,2022-10-07,20221008,2022-10-08,PLT02,LIN008,FMT05,LC-2022-002703,2022,80350.14,62158.12,13174.49,5017.53,102.87,269655.36
LP-2022-000487,20221011,2022-10-11,20221012,2022-10-12,PLT02,LIN008,FMT05,LC-2022-002633,2022,68628.44,54169.19,12200.19,2259.06,78.55,217832.69
LP-2022-000496,20221016,2022-10-16,20221018,2022-10-18,PLT02,LIN007,FMT04,LC-2022-000932,2022,43539.88,28593.22,13188.89,1757.77,48.9,139323.04
LP-2022-000528,20221027,2022-10-27,20221028,2022-10-28,PLT01,LIN001,FMT03,LC-2022-000854,2022,31840.41,21190.99,9064.38,1585.04,49.43,85605.34
LP-2022-000529,20221028,2022-10-28,20221029,2022-10-29,PLT02,LIN008,FMT05,LC-2022-002704,2022,204490.16,161468.71,41999.0,1022.45,247.77,674580.64
LP-2022-000533,20221031,2022-10-31,20221102,2022-11-02,PLT01,LIN004,FMT05,LC-2022-000143,2022,8177.7,5908.16,2085.63,183.91,8.97,22520.11
LP-2022-000544,20221105,2022-11-05,20221106,2022-11-06,PLT01,LIN003,FMT04,LC-2022-000815,2022,7989.38,5480.45,2016.46,492.47,10.13,21611.63
LP-2022-000566,20221113,2022-11-13,20221114,2022-11-14,PLT02,LIN008,FMT05,LC-2022-000898,2022,66201.76,52439.25,9896.58,3865.93,76.93,217835.04
LP-2022-000603,20221128,2022-11-28,20221130,2022-11-30,PLT01,LIN004,FMT05,LC-2022-002108,2022,13821.8,10214.49,3089.31,518.0,14.97,43700.16
LP-2022-000611,20221202,2022-12-02,20221203,2022-12-03,PLT01,LIN002,FMT01,LC-2022-001158,2022,15521.19,10022.11,4753.22,745.86,21.95,40572.14
LP-2022-000618,20221205,2022-12-05,20221207,2022-12-07,PLT02,LIN005,FMT02,LC-2022-002516,2022,7689.26,5378.54,2008.84,301.88,12.99,20350.3
LP-2022-000621,20221206,2022-12-06,20221208,2022-12-08,PLT01,LIN003,FMT04,LC-2022-000279,2022,670.16,488.22,152.58,29.36,0.92,2096.21
LP-2022-000633,20221213,2022-12-13,20221215,2022-12-15,PLT02,LIN005,FMT01,LC-2022-001727,2022,6327.04,4407.84,1728.93,190.27,11.26,19510.78
LP-2022-000650,20221221,2022-12-21,20221223,2022-12-23,PLT01,LIN004,FMT05,LC-2022-000915,2022,45539.68,35921.35,9390.63,227.7,54.65,155975.24
LP-2022-000651,20221222,2022-12-22,20221224,2022-12-24,PLT01,LIN004,FMT05,LC-2022-001999,2022,25610.57,20652.18,3391.67,1566.72,31.12,87452.77
LP-2022-000652,20221222,2022-12-22,20221223,2022-12-23,PLT02,LIN007,FMT04,LC-2022-001999,2022,13186.68,9934.89,2394.68,857.11,17.11,41574.53
LP-2022-000663,20221227,2022-12-27,20221228,2022-12-28,PLT02,LIN007,FMT04,LC-2022-002328,2022,13297.12,9845.86,2889.83,561.43,18.03,38226.5
LP-2023-000679,20230101,2023-01-01,20230102,2023-01-02,PLT01,LIN002,FMT03,LC-2022-001703,2023,8205.82,5588.29,2357.06,260.47,13.98,27018.83
LP-2023-000694,20230108,2023-01-08,20230109,2023-01-09,PLT01,LIN002,FMT01,LC-2023-005139,2023,1350.58,766.02,561.58,22.98,1.76,2816.14
LP-2023-000696,20230110,2023-01-10,20230111,2023-01-11,PLT01,LIN001,FMT03,LC-2023-004409,2023,2796.87,1741.69,926.32,128.86,4.07,8167.7
LP-2023-000706,20230114,2023-01-14,20230115,2023-01-15,PLT01,LIN001,FMT03,LC-2023-005816,2023,4866.07,3111.0,1571.51,183.56,8.03,17704.53
LP-2023-000745,20230201,2023-02-01,20230203,2023-02-03,PLT01,LIN002,FMT03,LC-2023-003613,2023,17445.51,10374.57,6141.5,929.44,23.49,45535.96
LP-2023-000760,20230507,2023-05-07,20230509,2023-05-09,PLT02,LIN008,FMT05,LC-2023-005656,2023,35406.87,27930.87,5974.5,1501.5,45.49,112184.36
LP-2023-000768,20230511,2023-05-11,20230513,2023-05-13,PLT02,LIN005,FMT02,LC-2023-004798,2023,80813.79,53826.49,21156.17,5831.13,130.08,268159.55
LP-2023-000783,20230517,2023-05-17,20230518,2023-05-18,PLT02,LIN005,FMT02,LC-2023-003000,2023,29025.71,17696.87,9764.76,1564.08,40.3,78971.53
LP-2023-000788,20230518,2023-05-18,20230519,2023-05-19,PLT02,LIN006,FMT01,LC-2023-005672,2023,49343.09,31063.7,16064.75,2214.64,77.35,137231.0
LP-2023-000799,20230524,2023-05-24,20230525,2023-05-25,PLT01,LIN004,FMT05,LC-2023-004044,2023,31968.25,23992.93,7089.44,885.88,39.24,76819.26
LP-2023-000802,20230525,2023-05-25,20230526,2023-05-26,PLT02,LIN008,FMT05,LC-2023-002836,2023,10147.59,7935.3,1676.96,535.33,13.16,38207.83
LP-2023-000818,20230531,2023-05-31,20230602,2023-06-02,PLT01,LIN004,FMT05,LC-2023-003302,2023,20703.4,15947.21,4389.51,366.68,26.62,61025.28
LP-2023-000820,20230531,2023-05-31,20230601,2023-06-01,PLT01,LIN002,FMT01,LC-2023-003302,2023,32269.54,22706.48,7122.23,2440.83,58.66,95279.98
LP-2023-000841,20230608,2023-06-08,20230610,2023-06-10,PLT02,LIN005,FMT01,LC-2023-004782,2023,60572.68,37900.37,20650.07,2022.24,92.91,159277.7
LP-2023-000842,20230608,2023-06-08,20230611,2023-06-11,PLT01,LIN003,FMT04,LC-2023-004782,2023,31869.74,21745.36,9361.64,762.74,41.81,91762.31
LP-2023-000848,20230610,2023-06-10,20230611,2023-06-11,PLT02,LIN005,FMT03,LC-2023-003269,2023,722.95,447.83,242.9,32.22,1.1,1964.13
LP-2023-000859,20230614,2023-06-14,20230616,2023-06-16,PLT01,LIN003,FMT04,LC-2023-003755,2023,67151.64,49926.24,14167.95,3057.45,92.22,208398.83
LP-2023-000890,20230626,2023-06-26,20230628,2023-06-28,PLT02,LIN008,FMT05,LC-2023-003968,2023,8992.48,6840.48,1796.87,355.13,10.84,25913.99
LP-2023-000892,20230627,2023-06-27,20230628,2023-06-28,PLT02,LIN005,FMT01,LC-2023-005839,2023,17870.05,11299.1,6028.27,542.68,28.37,43742.53
LP-2023-000908,20230704,2023-07-04,20230705,2023-07-05,PLT02,LIN005,FMT01,LC-2023-005756,2023,20127.91,13160.69,6336.74,630.48,29.6,53505.11
LP-2023-000912,20230706,2023-07-06,20230707,2023-07-07,PLT02,LIN007,FMT04,LC-2023-005143,2023,150915.33,117172.74,26922.81,6819.78,206.34,532494.73
LP-2023-000927,20230711,2023-07-11,20230714,2023-07-14,PLT02,LIN006,FMT01,LC-2023-005037,2023,20524.53,11373.11,8863.03,288.39,25.96,47850.42
LP-2023-000938,20230715,2023-07-15,20230717,2023-07-17,PLT01,LIN002,FMT03,LC-2023-003066,2023,176914.86,107626.66,62832.41,6455.79,253.81,431937.07
LP-2023-000941,20230716,2023-07-16,20230719,2023-07-19,PLT02,LIN007,FMT04,LC-2023-003862,2023,45326.36,34033.8,9515.76,1776.8,61.18,158078.53
LP-2023-000945,20230718,2023-07-18,20230719,2023-07-19,PLT02,LIN005,FMT02,LC-2023-003413,2023,33919.91,24483.79,7539.37,1896.75,60.28,110425.71
LP-2023-000946,20230719,2023-07-19,20230722,2023-07-22,PLT02,LIN007,FMT04,LC-2023-004667,2023,81894.94,59647.09,17747.6,4500.25,113.35,237258.16
LP-2023-000950,20230722,2023-07-22,20230723,2023-07-23,PLT01,LIN001,FMT02,LC-2023-005299,2023,91279.56,63958.46,25470.24,1850.86,146.59,221279.65
LP-2023-000970,20230731,2023-07-31,20230802,2023-08-02,PLT02,LIN006,FMT02,LC-2023-005580,2023,54656.91,33839.28,18156.18,2661.45,79.67,141294.33
LP-2023-000977,20230803,2023-08-03,20230805,2023-08-05,PLT02,LIN006,FMT03,LC-2023-002851,2023,21665.6,13419.18,6995.83,1250.59,32.11,50313.61
LP-2023-000979,20230803,2023-08-03,20230805,2023-08-05,PLT02,LIN008,FMT05,LC-2023-002851,2023,69553.21,50740.21,16446.76,2366.24,81.24,226702.01
LP-2023-000980,20230803,2023-08-03,20230804,2023-08-04,PLT02,LIN008,FMT05,LC-2023-002851,2023,18791.54,15263.62,2770.3,757.62,23.53,54478.19
LP-2023-001000,20230809,2023-08-09,20230812,2023-08-12,PLT02,LIN008,FMT05,LC-2023-005279,2023,22318.17,18042.38,3212.64,1063.15,28.48,80588.42
LP-2023-001012,20230814,2023-08-14,20230816,2023-08-16,PLT02,LIN008,FMT05,LC-2023-005909,2023,31914.35,24075.64,6405.32,1433.39,35.21,76583.67
LP-2023-001015,20230816,2023-08-16,20230817,2023-08-17,PLT01,LIN004,FMT05,LC-2023-004363,2023,96347.05,77204.8,15696.06,3446.19,126.52,336158.32
LP-2023-001018,20230817,2023-08-17,20230818,2023-08-18,PLT01,LIN001,FMT02,LC-2023-004073,2023,37644.19,25264.12,11587.96,792.11,65.27,109319.41
LP-2023-001024,20230818,2023-08-18,20230819,2023-08-19,PLT01,LIN004,FMT05,LC-2023-005526,2023,69638.05,54405.33,12989.44,2243.28,83.11,218131.41
LP-2023-001026,20230819,2023-08-19,20230820,2023-08-20,PLT02,LIN006,FMT02,LC-2023-003439,2023,37613.43,25778.47,9552.62,2282.34,59.7,102504.9
LP-2023-001035,20230822,2023-08-22,20230824,2023-08-24,PLT02,LIN006,FMT02,LC-2023-004104,2023,36664.35,26100.88,9708.63,854.84,57.88,105438.62
LP-2023-001045,20230826,2023-08-26,20230827,2023-08-27,PLT02,LIN006,FMT03,LC-2023-004509,2023,25684.29,15825.14,8271.83,1587.32,39.11,59316.37
LP-2023-001056,20230831,2023-08-31,20230901,2023-09-01,PLT01,LIN002,FMT01,LC-2023-005644,2023,42804.61,26537.43,13994.37,2272.81,64.4,116441.57
LP-2023-001062,20230903,2023-09-03,20230905,2023-09-05,PLT01,LIN003,FMT04,LC-2023-004014,2023,99054.14,69200.87,27965.5,1887.77,122.69,260211.75
LP-2023-001065,20230904,2023-09-04,20230906,2023-09-06,PLT02,LIN006,FMT03,LC-2023-003783,2023,29186.88,19724.61,8229.36,1232.91,46.13,83358.82
LP-2023-001069,20230906,2023-09-06,20230907,2023-09-07,PLT01,LIN004,FMT05,LC-2023-004418,2023,44214.69,36438.14,5228.78,2547.77,56.08,176393.7
LP-2023-001076,20230909,2023-09-09,20230910,2023-09-10,PLT01,LIN003,FMT04,LC-2023-005715,2023,42966.52,27410.71,14047.46,1508.35,52.15,97332.62
LP-2023-001089,20230912,2023-09-12,20230914,2023-09-14,PLT02,LIN008,FMT05,LC-2023-003604,2023,22379.85,18054.49,3522.68,802.68,30.38,88024.18
LP-2023-001090,20230913,2023-09-13,20230914,2023-09-14,PLT02,LIN006,FMT01,LC-2023-003717,2023,109164.75,71141.92,32833.46,5189.37,156.82,339315.17
LP-2023-001104,20230919,2023-09-19,20230920,2023-09-20,PLT01,LIN002,FMT02,LC-2023-004308,2023,134501.71,92467.32,38531.79,3502.6,231.95,371511.78
LP-2023-001118,20230925,2023-09-25,20230926,2023-09-26,PLT02,LIN006,FMT01,LC-2023-004977,2023,31944.59,21568.38,9393.9,982.31,48.6,88715.18
LP-2023-001128,20230927,2023-09-27,20230929,2023-09-29,PLT02,LIN008,FMT05,LC-2023-003639,2023,30569.74,24159.32,5065.71,1344.71,39.3,93801.72
LP-2023-001134,20230929,2023-09-29,20230930,2023-09-30,PLT01,LIN004,FMT05,LC-2023-003650,2023,84704.09,66865.6,13476.54,4361.95,103.33,237253.9
LP-2023-001147,20231005,2023-10-05,20231007,2023-10-07,PLT01,LIN003,FMT04,LC-2023-003504,2023,24194.49,16330.84,7296.79,566.86,28.81,68599.88
LP-2023-001160,20231011,2023-10-11,20231012,2023-10-12,PLT01,LIN002,FMT03,LC-2023-003628,2023,13867.39,9628.03,3604.34,635.02,24.46,35668.66
LP-2023-001174,20231016,2023-10-16,20231017,2023-10-17,PLT01,LIN001,FMT01,LC-2023-005588,2023,27821.67,20888.35,5727.45,1205.87,47.87,90869.31
LP-2023-001175,20231017,2023-10-17,20231018,2023-10-18,PLT01,LIN004,FMT05,LC-2023-004040,2023,78977.73,66342.1,10479.74,2155.89,109.22,284070.01
LP-2023-001178,20231018,2023-10-18,20231020,2023-10-20,PLT01,LIN004,FMT05,LC-2023-005062,2023,2039.14,1674.13,322.14,42.87,2.72,6982.07
LP-2023-001187,20231022,2023-10-22,20231023,2023-10-23,PLT02,LIN005,FMT03,LC-2023-005441,2023,57655.34,38376.88,18141.45,1137.01,90.0,168107.24
LP-2023-001201,20231031,2023-10-31,20231101,2023-11-01,PLT01,LIN004,FMT05,LC-2023-002754,2023,86635.1,64554.88,17939.88,4140.34,105.49,241274.2
LP-2023-001205,20231101,2023-11-01,20231102,2023-11-02,PLT02,LIN007,FMT04,LC-2023-005651,2023,6408.37,4608.58,1521.35,278.44,8.07,19227.43
LP-2023-001214,20231105,2023-11-05,20231106,2023-11-06,PLT02,LIN007,FMT04,LC-2023-004982,2023,55945.16,38269.58,14876.89,2798.69,67.57,163221.31
LP-2023-001217,20231107,2023-11-07,20231108,2023-11-08,PLT01,LIN002,FMT03,LC-2023-003722,2023,21566.55,14021.55,7303.83,241.17,32.55,60902.8
LP-2023-001248,20231122,2023-11-22,20231123,2023-11-23,PLT01,LIN003,FMT04,LC-2023-004313,2023,3473.74,2306.27,1002.61,164.86,4.48,10225.54
LP-2023-001260,20231128,2023-11-28,20231130,2023-11-30,PLT02,LIN005,FMT03,LC-2023-004454,2023,14496.9,10271.79,3495.02,730.09,26.32,37647.99
LP-2023-001262,20231128,2023-11-28,20231129,2023-11-29,PLT01,LIN002,FMT01,LC-2023-004454,2023,9048.5,6211.41,2462.22,374.87,15.21,27396.01
LP-2023-001265,20231129,2023-11-29,20231130,2023-11-30,PLT02,LIN007,FMT04,LC-2023-002997,2023,31931.88,23878.5,6400.61,1652.77,42.84,124707.11
LP-2023-001266,20231129,2023-11-29,20231201,2023-12-01,PLT02,LIN005,FMT02,LC-2023-002997,2023,25295.08,14120.54,10534.98,639.56,35.93,67386.25
LP-2023-001272,20231203,2023-12-03,20231205,2023-12-05,PLT02,LIN006,FMT03,LC-2023-003457,2023,5186.09,3658.13,1183.8,344.16,8.13,13301.42
LP-2023-001282,20231207,2023-12-07,20231209,2023-12-09,PLT02,LIN008,FMT05,LC-2023-002849,2023,12659.85,10257.81,1863.15,538.89,15.5,41787.19
LP-2023-001287,20231209,2023-12-09,20231211,2023-12-11,PLT01,LIN002,FMT03,LC-2023-005065,2023,1247.77,761.42,443.17,43.18,1.75,3042.77
LP-2023-001289,20231209,2023-12-09,20231212,2023-12-12,PLT02,LIN005,FMT02,LC-2023-005065,2023,7283.13,4010.17,3002.01,270.95,9.01,17523.1
LP-2023-001300,20231214,2023-12-14,20231216,2023-12-16,PLT01,LIN003,FMT04,LC-2023-005127,2023,5288.26,3659.83,1461.32,167.11,7.15,14452.79
LP-2023-001310,20231218,2023-12-18,20231219,2023-12-19,PLT01,LIN001,FMT03,LC-2023-003909,2023,20240.45,12743.0,7035.99,461.46,29.19,56192.43
LP-2023-001337,20231231,2023-12-31,20240103,2024-01-03,PLT02,LIN008,FMT05,LC-2023-003747,2023,14963.56,11422.96,2655.56,885.04,17.4,46546.64
LP-2024-001345,20240102,2024-01-02,20240103,2024-01-03,PLT01,LIN002,FMT02,LC-2023-005504,2024,12782.77,7841.84,4579.04,361.89,17.67,31299.87
LP-2024-001357,20240106,2024-01-06,20240107,2024-01-07,PLT01,LIN004,FMT05,LC-2024-006490,2024,29656.69,22464.2,5590.03,1602.46,36.55,97141.15
LP-2024-001377,20240113,2024-01-13,20240114,2024-01-14,PLT02,LIN005,FMT02,LC-2024-007487,2024,5663.92,3664.22,1912.85,86.85,9.49,16751.36
LP-2024-001392,20240120,2024-01-20,20240121,2024-01-21,PLT01,LIN003,FMT04,LC-2024-007238,2024,15848.2,11562.04,3419.79,866.37,22.62,56063.2
LP-2024-001396,20240122,2024-01-22,20240123,2024-01-23,PLT01,LIN003,FMT04,LC-2024-006394,2024,35855.0,27924.42,5506.6,2423.98,48.37,132007.02
LP-2024-001408,20240127,2024-01-27,20240130,2024-01-30,PLT02,LIN007,FMT04,LC-2024-006796,2024,4229.69,2898.11,1102.58,229.0,5.24,12960.55
LP-2024-001411,20240128,2024-01-28,20240129,2024-01-29,PLT02,LIN006,FMT02,LC-2024-007511,2024,7062.31,4595.7,2199.01,267.6,11.39,20545.95
LP-2024-001432,20240504,2024-05-04,20240507,2024-05-07,PLT01,LIN002,FMT02,LC-2024-007173,2024,73990.72,51445.47,18148.46,4396.79,129.13,201134.59
LP-2024-001438,20240506,2024-05-06,20240507,2024-05-07,PLT01,LIN002,FMT03,LC-2024-008218,2024,21622.1,14344.16,6653.43,624.51,35.14,56888.31
LP-2024-001445,20240508,2024-05-08,20240510,2024-05-10,PLT02,LIN006,FMT02,LC-2024-008062,2024,40065.18,25327.53,12806.46,1931.19,61.48,96794.03
LP-2024-001454,20240513,2024-05-13,20240515,2024-05-15,PLT01,LIN002,FMT02,LC-2024-006363,2024,10708.58,7482.92,2955.18,270.48,18.31,35137.31
LP-2024-001466,20240518,2024-05-18,20240519,2024-05-19,PLT01,LIN003,FMT04,LC-2024-008602,2024,97624.53,67670.83,25821.8,4131.9,122.56,261988.05
LP-2024-001491,20240527,2024-05-27,20240528,2024-05-28,PLT01,LIN002,FMT01,LC-2024-006288,2024,19067.61,13887.17,4393.01,787.43,30.41,62291.43
LP-2024-001504,20240601,2024-06-01,20240602,2024-06-02,PLT01,LIN004,FMT05,LC-2024-009288,2024,64232.74,47339.04,14044.66,2849.04,72.0,195016.71
LP-2024-001507,20240604,2024-06-04,20240605,2024-06-05,PLT02,LIN005,FMT01,LC-2024-007028,2024,28802.62,19906.09,7585.96,1310.57,46.92,87898.91
LP-2024-001508,20240604,2024-06-04,20240605,2024-06-05,PLT01,LIN003,FMT04,LC-2024-007028,2024,8302.56,6155.65,1928.93,217.98,11.01,29481.46
LP-2024-001512,20240605,2024-06-05,20240606,2024-06-06,PLT01,LIN001,FMT03,LC-2024-009384,2024,9182.57,6396.33,2443.63,342.61,16.25,22916.62
LP-2024-001515,20240606,2024-06-06,20240607,2024-06-07,PLT02,LIN007,FMT04,LC-2024-008916,2024,27017.07,18934.19,7372.09,710.79,36.43,69585.21
LP-2024-001540,20240615,2024-06-15,20240617,2024-06-17,PLT02,LIN008,FMT05,LC-2024-009053,2024,25925.09,19508.22,5065.78,1351.09,30.68,63024.73
LP-2024-001544,20240619,2024-06-19,20240620,2024-06-20,PLT02,LIN007,FMT04,LC-2024-007715,2024,87031.43,64553.65,18928.89,3548.89,128.86,301718.94
LP-2024-001558,20240623,2024-06-23,20240625,2024-06-25,PLT01,LIN002,FMT03,LC-2024-008007,2024,42851.39,30003.67,12113.06,734.66,75.27,121947.47
LP-2024-001567,20240627,2024-06-27,20240629,2024-06-29,PLT01,LIN003,FMT04,LC-2024-006111,2024,43899.68,33021.89,9151.98,1725.81,66.24,131803.53
LP-2024-001588,20240707,2024-07-07,20240708,2024-07-08,PLT02,LIN007,FMT04,LC-2024-006577,2024,39886.58,29059.03,9538.7,1288.85,49.92,130472.26
LP-2024-001592,20240708,2024-07-08,20240710,2024-07-10,PLT02,LIN008,FMT05,LC-2024-007842,2024,11372.35,8757.99,2094.18,520.18,14.75,38514.31
LP-2024-001593,20240708,2024-07-08,20240709,2024-07-09,PLT02,LIN007,FMT04,LC-2024-007842,2024,3128.68,2278.86,706.54,143.28,4.29,9912.73
LP-2024-001607,20240714,2024-07-14,20240715,2024-07-15,PLT01,LIN002,FMT02,LC-2024-007411,2024,187471.42,114590.01,68208.38,4673.03,272.6,412262.17
LP-2024-001616,20240717,2024-07-17,20240719,2024-07-19,PLT01,LIN002,FMT03,LC-2024-006939,2024,54658.6,38251.46,13941.59,2465.55,97.89,152578.87
LP-2024-001624,20240720,2024-07-20,20240721,2024-07-21,PLT01,LIN003,FMT04,LC-2024-007881,2024,64435.6,42047.33,20409.83,1978.44,78.95,185696.78
LP-2024-001675,20240807,2024-08-07,20240809,2024-08-09,PLT01,LIN002,FMT01,LC-2024-009258,2024,132005.51,82199.39,47645.77,2160.35,184.0,249043.4
LP-2024-001678,20240808,2024-08-08,20240809,2024-08-09,PLT01,LIN004,FMT05,LC-2024-007863,2024,59912.37,45823.06,11190.88,2898.43,68.98,205562.01
LP-2024-001698,20240816,2024-08-16,20240817,2024-08-17,PLT02,LIN008,FMT05,LC-2024-007538,2024,83883.35,64750.9,17004.78,2127.67,95.33,254119.05
LP-2024-001703,20240818,2024-08-18,20240819,2024-08-19,PLT02,LIN008,FMT05,LC-2024-008478,2024,37838.86,29859.19,6548.2,1431.47,44.69,126670.61
LP-2024-001725,20240827,2024-08-27,20240828,2024-08-28,PLT02,LIN008,FMT05,LC-2024-009465,2024,37141.84,28385.73,6464.73,2291.38,45.32,102164.77
LP-2024-001732,20240830,2024-08-30,20240901,2024-09-01,PLT01,LIN002,FMT01,LC-2024-006347,2024,76248.88,52047.18,22854.18,1347.52,114.72,216754.86
LP-2024-001737,20240831,2024-08-31,20240901,2024-09-01,PLT01,LIN001,FMT03,LC-2024-007181,2024,12471.79,8536.18,3460.62,474.99,20.53,32007.36
LP-2024-001744,20240903,2024-09-03,20240905,2024-09-05,PLT02,LIN005,FMT02,LC-2024-006329,2024,7440.16,4972.61,2376.68,90.87,12.68,21171.75
LP-2024-001770,20240912,2024-09-12,20240914,2024-09-14,PLT01,LIN004,FMT05,LC-2024-008648,2024,211582.86,169828.65,32027.43,9726.78,273.83,755701.84
LP-2024-001784,20240918,2024-09-18,20240920,2024-09-20,PLT01,LIN003,FMT04,LC-2024-008394,2024,38129.35,27366.24,9723.14,1039.97,55.13,120658.84
LP-2024-001785,20240919,2024-09-19,20240920,2024-09-20,PLT01,LIN002,FMT02,LC-2024-007254,2024,66390.01,41107.45,21556.09,3726.47,100.77,176027.89
LP-2024-001792,20240922,2024-09-22,20240923,2024-09-23,PLT01,LIN002,FMT03,LC-2024-007934,2024,31055.54,20311.12,10070.24,674.18,48.93,77095.75
LP-2024-001793,20240923,2024-09-23,20240924,2024-09-24,PLT01,LIN003,FMT04,LC-2024-006101,2024,85858.13,64923.98,14506.99,6427.16,126.42,273183.33
LP-2024-001808,20240928,2024-09-28,20240930,2024-09-30,PLT02,LIN005,FMT01,LC-2024-006376,2024,30957.35,19995.96,10573.34,388.05,45.2,91526.64
LP-2024-001819,20241002,2024-10-02,20241004,2024-10-04,PLT01,LIN004,FMT05,LC-2024-006772,2024,7020.83,5715.06,936.92,368.85,8.48,31220.36
LP-2024-001833,20241007,2024-10-07,20241008,2024-10-08,PLT01,LIN001,FMT02,LC-2024-007023,2024,51702.48,35096.87,13451.66,3153.95,86.25,136456.21
LP-2024-001846,20241010,2024-10-10,20241011,2024-10-11,PLT01,LIN003,FMT04,LC-2024-006018,2024,26901.03,20645.08,5363.67,892.28,38.86,78029.25
LP-2024-001856,20241013,2024-10-13,20241015,2024-10-15,PLT01,LIN002,FMT02,LC-2024-006509,2024,47561.27,29926.2,15957.59,1677.48,77.03,95074.68
LP-2024-001860,20241015,2024-10-15,20241016,2024-10-16,PLT01,LIN001,FMT02,LC-2024-007851,2024,21750.8,14846.34,6284.89,619.57,38.56,62036.53
LP-2024-001872,20241020,2024-10-20,20241021,2024-10-21,PLT02,LIN007,FMT04,LC-2024-007330,2024,23473.25,17726.82,4722.67,1023.76,32.61,85039.27
LP-2024-001889,20241026,2024-10-26,20241027,2024-10-27,PLT01,LIN001,FMT01,LC-2024-007076,2024,27454.34,18393.77,8188.16,872.41,45.54,80045.96
LP-2024-001895,20241028,2024-10-28,20241030,2024-10-30,PLT02,LIN005,FMT02,LC-2024-007403,2024,29377.83,17807.73,11082.07,488.03,45.4,73537.32
LP-2024-001901,20241031,2024-10-31,20241102,2024-11-02,PLT02,LIN006,FMT01,LC-2024-006391,2024,71441.64,47604.11,21344.78,2492.75,104.93,217008.26
LP-2024-001910,20241104,2024-11-04,20241105,2024-11-05,PLT01,LIN004,FMT05,LC-2024-009035,2024,49741.62,38673.35,9573.07,1495.2,62.27,144868.8
LP-2024-001921,20241108,2024-11-08,20241110,2024-11-10,PLT02,LIN007,FMT04,LC-2024-008871,2024,69049.15,47733.72,19536.87,1778.56,89.11,203847.49
LP-2024-001929,20241111,2024-11-11,20241112,2024-11-12,PLT01,LIN002,FMT01,LC-2024-007835,2024,2139.91,1373.73,640.22,125.96,3.19,6074.38
LP-2024-001930,20241111,2024-11-11,20241112,2024-11-12,PLT01,LIN003,FMT04,LC-2024-007835,2024,1990.23,1484.24,444.34,61.65,2.6,7238.12
LP-2024-001948,20241118,2024-11-18,20241120,2024-11-20,PLT01,LIN004,FMT05,LC-2024-008744,2024,15690.94,12876.5,1825.14,989.3,21.62,38907.31
LP-2024-001962,20241123,2024-11-23,20241124,2024-11-24,PLT01,LIN004,FMT05,LC-2024-009190,2024,45719.01,34058.53,11030.98,629.5,48.67,157303.19
LP-2024-001979,20241129,2024-11-29,20241130,2024-11-30,PLT02,LIN005,FMT03,LC-2024-009476,2024,6175.58,4163.54,1678.66,333.38,10.32,19030.49
LP-2024-001991,20241204,2024-12-04,20241206,2024-12-06,PLT02,LIN006,FMT02,LC-2024-005954,2024,30274.86,20841.18,7888.77,1544.91,48.59,76279.98
LP-2024-002000,20241208,2024-12-08,20241210,2024-12-10,PLT02,LIN005,FMT03,LC-2024-006891,2024,19190.48,12374.69,6112.81,702.98,27.86,51450.02
LP-2024-002002,20241208,2024-12-08,20241211,2024-12-11,PLT02,LIN006,FMT02,LC-2024-006891,2024,7680.03,5478.84,2070.99,130.2,13.97,21134.98
LP-2024-002011,20241213,2024-12-13,20241214,2024-12-14,PLT01,LIN003,FMT04,LC-2024-009107,2024,42387.13,30855.01,10565.59,966.53,59.71,127977.05
LP-2024-002013,20241214,2024-12-14,20241217,2024-12-17,PLT02,LIN006,FMT02,LC-2024-008378,2024,7291.18,4467.9,2580.47,242.81,9.88,16914.9
LP-2024-002015,20241214,2024-12-14,20241215,2024-12-15,PLT02,LIN008,FMT05,LC-2024-008378,2024,40855.42,31093.83,7722.04,2039.55,51.62,156907.34
LP-2024-002034,20241221,2024-12-21,20241223,2024-12-23,PLT02,LIN005,FMT03,LC-2024-008073,2024,18178.25,11509.37,5730.15,938.73,29.11,54827.89
LP-2024-002044,20241226,2024-12-26,20241227,2024-12-27,PLT02,LIN007,FMT04,LC-2024-006415,2024,12314.99,8989.36,2833.93,491.7,17.04,38132.68
LP-2024-002052,20241230,2024-12-30,20250102,2025-01-02,PLT01,LIN001,FMT01,LC-2024-008826,2024,5848.48,3588.17,2072.54,187.77,8.38,15107.79
LP-2025-002061,20250102,2025-01-02,20250105,2025-01-05,PLT02,LIN007,FMT04,LC-2024-006007,2025,26945.79,21072.38,4595.26,1278.15,39.02,83861.64
LP-2025-002067,20250106,2025-01-06,20250107,2025-01-07,PLT01,LIN004,FMT05,LC-2025-010729,2025,24158.9,17510.34,6150.18,498.38,25.9,71529.8
LP-2025-002074,20250108,2025-01-08,20250109,2025-01-09,PLT02,LIN007,FMT04,LC-2025-010418,2025,43618.96,32717.18,8829.69,2072.09,58.86,149003.58
LP-2025-002088,20250114,2025-01-14,20250115,2025-01-15,PLT02,LIN007,FMT04,LC-2025-011624,2025,28837.41,20015.54,7072.52,1749.35,39.85,82137.46
LP-2025-002093,20250116,2025-01-16,20250117,2025-01-17,PLT01,LIN003,FMT04,LC-2025-011655,2025,35570.47,26964.14,6968.44,1637.89,53.0,118205.64
LP-2025-002094,20250116,2025-01-16,20250118,2025-01-18,PLT01,LIN002,FMT01,LC-2025-011655,2025,51160.5,35093.57,13948.48,2118.45,80.56,167940.51
LP-2025-002116,20250126,2025-01-26,20250129,2025-01-29,PLT01,LIN004,FMT05,LC-2025-010626,2025,46600.21,37034.35,7862.13,1703.73,60.78,171833.31
LP-2025-002135,20250201,2025-02-01,20250202,2025-02-02,PLT01,LIN003,FMT04,LC-2025-009677,2025,15004.35,11015.12,3167.21,822.02,20.69,42376.08
LP-2025-002139,20250203,2025-02-03,20250204,2025-02-04,PLT02,LIN007,FMT04,LC-2025-011378,2025,16888.29,12975.03,3288.18,625.08,22.73,57313.66
LP-2025-002146,20250504,2025-05-04,20250506,2025-05-06,PLT02,LIN006,FMT02,LC-2025-012002,2025,24485.34,14014.13,9601.41,869.8,31.81,51798.92
LP-2025-002148,20250506,2025-05-06,20250507,2025-05-07,PLT01,LIN001,FMT03,LC-2025-011643,2025,33805.66,21020.82,11466.01,1318.83,52.48,88354.27
LP-2025-002152,20250507,2025-05-07,20250508,2025-05-08,PLT01,LIN003,FMT04,LC-2025-010627,2025,56208.38,42370.15,11345.09,2493.14,73.46,181024.6
LP-2025-002156,20250508,2025-05-08,20250509,2025-05-09,PLT02,LIN006,FMT03,LC-2025-010764,2025,68636.22,44302.84,21630.57,2702.81,105.35,184286.42
LP-2025-002166,20250511,2025-05-11,20250513,2025-05-13,PLT01,LIN002,FMT02,LC-2025-010289,2025,33881.33,21287.19,11246.05,1348.09,53.06,102210.13
LP-2025-002184,20250519,2025-05-19,20250520,2025-05-20,PLT01,LIN004,FMT05,LC-2025-009711,2025,23945.2,20067.69,3234.67,642.84,32.85,99257.6
LP-2025-002194,20250522,2025-05-22,20250523,2025-05-23,PLT02,LIN005,FMT03,LC-2025-010267,2025,5824.06,3464.78,1962.36,396.92,7.79,14951.63
LP-2025-002204,20250527,2025-05-27,20250530,2025-05-30,PLT01,LIN003,FMT04,LC-2025-009790,2025,4852.47,3629.02,1086.51,136.94,7.0,15103.65
LP-2025-002212,20250529,2025-05-29,20250530,2025-05-30,PLT01,LIN002,FMT01,LC-2025-012665,2025,17001.6,10934.22,5448.93,618.45,25.06,43148.04
LP-2025-002221,20250602,2025-06-02,20250603,2025-06-03,PLT01,LIN002,FMT03,LC-2025-010340,2025,10898.22,7701.31,2635.56,561.35,17.98,32713.57
LP-2025-002223,20250603,2025-06-03,20250605,2025-06-05,PLT01,LIN001,FMT02,LC-2025-009572,2025,122833.21,95148.47,22410.94,5273.8,210.98,390574.82
LP-2025-002243,20250610,2025-06-10,20250612,2025-06-12,PLT02,LIN005,FMT01,LC-2025-010159,2025,10126.22,6102.21,3973.38,50.63,15.12,21316.72
LP-2025-002247,20250612,2025-06-12,20250613,2025-06-13,PLT02,LIN007,FMT04,LC-2025-009715,2025,152268.48,106753.22,40291.48,5223.78,211.82,431501.51
LP-2025-002271,20250624,2025-06-24,20250627,2025-06-27,PLT01,LIN004,FMT05,LC-2025-011959,2025,28534.93,23204.41,3901.39,1429.13,35.56,107522.34
LP-2025-002287,20250701,2025-07-01,20250704,2025-07-04,PLT02,LIN008,FMT05,LC-2025-011007,2025,75932.36,60535.82,12563.35,2833.19,91.99,269328.53
LP-2025-002292,20250703,2025-07-03,20250704,2025-07-04,PLT02,LIN008,FMT05,LC-2025-010785,2025,87753.11,68594.58,14363.8,4794.73,98.86,288205.94
LP-2025-002307,20250711,2025-07-11,20250713,2025-07-13,PLT02,LIN006,FMT01,LC-2025-011741,2025,24792.27,17037.97,6866.19,888.11,41.24,82208.25
LP-2025-002329,20250721,2025-07-21,20250722,2025-07-22,PLT02,LIN005,FMT02,LC-2025-012366,2025,32025.61,22517.99,8151.87,1355.75,51.37,103873.04
LP-2025-002333,20250723,2025-07-23,20250724,2025-07-24,PLT02,LIN007,FMT04,LC-2025-011920,2025,105881.81,83051.8,19838.81,2991.2,163.5,343655.14
LP-2025-002354,20250804,2025-08-04,20250806,2025-08-06,PLT02,LIN007,FMT04,LC-2025-009663,2025,26399.27,18658.38,7110.11,630.78,34.73,77023.07
LP-2025-002356,20250804,2025-08-04,20250806,2025-08-06,PLT01,LIN004,FMT05,LC-2025-009663,2025,69415.91,56000.12,10467.96,2947.83,82.91,222685.42
LP-2025-002361,20250807,2025-08-07,20250808,2025-08-08,PLT02,LIN007,FMT04,LC-2025-010654,2025,225286.25,182650.68,36044.32,6591.25,311.06,740184.64
LP-2025-002373,20250811,2025-08-11,20250812,2025-08-12,PLT02,LIN007,FMT04,LC-2025-011162,2025,35330.78,24169.01,10372.13,789.64,45.24,100398.58
LP-2025-002383,20250816,2025-08-16,20250818,2025-08-18,PLT01,LIN004,FMT05,LC-2025-010672,2025,240673.47,177348.91,54108.86,9215.7,278.58,737306.36
LP-2025-002390,20250820,2025-08-20,20250821,2025-08-21,PLT02,LIN005,FMT01,LC-2025-010520,2025,213215.66,146690.22,65459.36,1066.08,376.75,626079.94
LP-2025-002402,20250827,2025-08-27,20250828,2025-08-28,PLT01,LIN003,FMT04,LC-2025-009750,2025,219332.85,177817.57,33490.08,8025.2,343.33,801144.16
LP-2025-002422,20250902,2025-09-02,20250904,2025-09-04,PLT02,LIN008,FMT05,LC-2025-011699,2025,13598.34,10422.86,2863.17,312.31,16.17,46399.62
LP-2025-002441,20250911,2025-09-11,20250912,2025-09-12,PLT02,LIN007,FMT04,LC-2025-012908,2025,138500.18,96911.19,36320.92,5268.07,191.19,375548.36
LP-2025-002452,20250916,2025-09-16,20250917,2025-09-17,PLT02,LIN008,FMT05,LC-2025-012697,2025,4189.27,3153.23,967.98,68.06,4.61,15393.07
LP-2025-002454,20250916,2025-09-16,20250918,2025-09-18,PLT02,LIN008,FMT05,LC-2025-012697,2025,38508.66,30047.74,7884.04,576.88,43.48,122788.39
LP-2025-002458,20250918,2025-09-18,20250920,2025-09-20,PLT02,LIN007,FMT04,LC-2025-012594,2025,293384.12,220990.78,55355.05,17038.29,388.68,930621.25
LP-2025-002473,20250924,2025-09-24,20250925,2025-09-25,PLT02,LIN007,FMT04,LC-2025-012573,2025,19820.02,14282.27,4626.29,911.46,24.68,58006.76
LP-2025-002475,20250925,2025-09-25,20250926,2025-09-26,PLT02,LIN008,FMT05,LC-2025-010430,2025,122393.21,96257.73,22378.46,3757.02,161.25,453044.78
LP-2025-002481,20250927,2025-09-27,20250928,2025-09-28,PLT02,LIN008,FMT05,LC-2025-012795,2025,53516.83,39045.76,12938.66,1532.41,61.06,157724.87
LP-2025-002484,20250930,2025-09-30,20251001,2025-10-01,PLT02,LIN005,FMT03,LC-2025-013003,2025,74638.04,50042.78,22478.19,2117.07,112.72,238757.56
LP-2025-002494,20251005,2025-10-05,20251008,2025-10-08,PLT02,LIN006,FMT03,LC-2025-009985,2025,35728.47,21921.45,12897.56,909.46,56.81,81074.13
LP-2025-002499,20251007,2025-10-07,20251008,2025-10-08,PLT01,LIN004,FMT05,LC-2025-010079,2025,21240.77,16110.4,4530.49,599.88,24.9,58676.1
LP-2025-002515,20251014,2025-10-14,20251016,2025-10-16,PLT01,LIN004,FMT05,LC-2025-013042,2025,14414.07,11775.26,2566.74,72.07,17.68,47191.25
LP-2025-002520,20251017,2025-10-17,20251019,2025-10-19,PLT02,LIN007,FMT04,LC-2025-011691,2025,3506.43,2695.9,707.27,103.26,4.93,10741.31
LP-2025-002526,20251018,2025-10-18,20251019,2025-10-19,PLT02,LIN006,FMT01,LC-2025-012607,2025,65298.85,42371.28,20233.78,2693.79,104.05,161905.67
LP-2025-002528,20251019,2025-10-19,20251020,2025-10-20,PLT02,LIN007,FMT04,LC-2025-012726,2025,67376.61,42157.34,21671.28,3547.99,84.17,192874.81
LP-2025-002562,20251102,2025-11-02,20251103,2025-11-03,PLT01,LIN001,FMT01,LC-2025-010192,2025,9278.09,5703.78,3347.84,226.47,13.06,25452.75
LP-2025-002566,20251103,2025-11-03,20251106,2025-11-06,PLT02,LIN006,FMT02,LC-2025-012046,2025,8834.64,5282.51,3287.24,264.89,12.57,21237.87
LP-2025-002580,20251110,2025-11-10,20251111,2025-11-11,PLT02,LIN005,FMT03,LC-2025-009628,2025,30242.6,19054.37,10305.54,882.69,45.42,91833.36
LP-2025-002588,20251113,2025-11-13,20251114,2025-11-14,PLT01,LIN001,FMT02,LC-2025-012217,2025,19333.95,11571.22,7210.66,552.07,27.24,41181.76
LP-2025-002589,20251114,2025-11-14,20251116,2025-11-16,PLT02,LIN007,FMT04,LC-2025-010205,2025,12477.57,8593.17,3313.46,570.94,17.12,36274.72
LP-2025-002594,20251115,2025-11-15,20251117,2025-11-17,PLT02,LIN007,FMT04,LC-2025-012156,2025,67360.86,47279.64,16129.33,3951.89,85.27,205542.32
LP-2025-002609,20251121,2025-11-21,20251124,2025-11-24,PLT02,LIN008,FMT05,LC-2025-009828,2025,109560.28,80117.75,22454.3,6988.23,130.75,295495.4
LP-2025-002617,20251124,2025-11-24,20251125,2025-11-25,PLT01,LIN002,FMT01,LC-2025-010561,2025,40333.01,24784.47,14359.14,1189.4,56.45,101926.55
LP-2025-002624,20251126,2025-11-26,20251127,2025-11-27,PLT01,LIN004,FMT05,LC-2025-011653,2025,11160.41,8959.64,1869.3,331.47,14.89,28024.87
LP-2025-002630,20251128,2025-11-28,20251129,2025-11-29,PLT02,LIN006,FMT01,LC-2025-011703,2025,14804.82,10755.06,3412.94,636.82,24.23,45518.38
LP-2025-002654,20251207,2025-12-07,20251209,2025-12-09,PLT01,LIN002,FMT01,LC-2025-009932,2025,5048.97,3086.45,1817.31,145.21,6.88,14164.54
LP-2025-002685,20251219,2025-12-19,20251222,2025-12-22,PLT01,LIN002,FMT03,LC-2025-009916,2025,13235.05,8980.47,3898.64,355.94,20.53,40474.97
LP-2025-002708,20251229,2025-12-29,20260101,2026-01-01,PLT01,LIN002,FMT01,LC-2025-011912,2025,8841.18,5874.78,2477.52,488.88,13.39,26282.05
LP-2025-002716,20251231,2025-12-31,20260101,2026-01-01,PLT01,LIN001,FMT03,LC-2025-011930,2025,2104.46,1309.19,734.66,60.61,3.39,5304.48
LP-2026-002721,20260102,2026-01-02,20260104,2026-01-04,PLT02,LIN008,FMT05,LC-2025-012018,2026,37814.18,29222.89,6316.28,2275.01,45.8,148619.19
