DespachoID,FechaDespachoID,FechaDespacho,ClienteID,DestinoID,FormatoID,NavieraID,IncotermID,LoteProcesoID,Campania,ContenedorNum,NumPallets,KgNetosExportados,ValorFOB_USD,CostoLogisticoUSD,DiasTransitoComprometidos,DiasTransitoReales,EstadoDespacho
15,20220209,2022-02-09,CLI0020,DST06,FMT05,NAV05,INC03,LP-2022-000042,2022,CMAU5221160,21,19080.54,81336.53,6740.75,23,23,OnTime
18,20220204,2022-02-04,CLI0014,DST02,FMT04,NAV01,INC03,LP-2022-000056,2022,MSKU7410798,18,15408.98,61096.61,7320.82,18,21,OnTime
27,20220527,2022-05-27,CLI0026,DST01,FMT03,NAV04,INC03,LP-2022-000088,2022,MEDU2712327,21,21523.01,72407.71,9301.3,22,23,OnTime
31,20220516,2022-05-16,CLI0015,DST02,FMT05,NAV03,INC02,LP-2022-000093,2022,CMAU8390383,22,19798.02,70084.99,6896.22,18,16,OnTime
33,20220602,2022-06-02,CLI0026,DST01,FMT04,NAV03,INC01,LP-2022-000103,2022,HLBU9523765,22,23364.04,102621.87,10910.3,22,21,OnTime
45,20220517,2022-05-17,CLI0007,DST01,FMT05,NAV05,INC02,LP-2022-000099,2022,HLBU7603137,18,18965.72,87782.84,6336.97,22,19,Early
52,20220603,2022-06-03,CLI0028,DST02,FMT02,NAV01,INC01,LP-2022-000121,2022,HLBU9959490,21,20991.5,52371.69,7040.89,18,19,OnTime
53,20220523,2022-05-23,CLI0016,DST07,FMT03,NAV03,INC01,LP-2022-000117,2022,HLBU6386386,22,21552.76,77719.25,8746.63,24,20,Early
64,20220521,2022-05-21,CLI0023,DST03,FMT05,NAV02,INC03,LP-2022-000119,2022,MEDU6680036,20,19793.43,70929.76,8410.86,25,24,OnTime
71,20220620,2022-06-20,CLI0017,DST01,FMT04,NAV05,INC02,LP-2022-000149,2022,HLBU2849616,21,21046.99,104298.36,12333.55,22,27,Late
77,20220621,2022-06-21,CLI0005,DST09,FMT01,NAV02,INC02,LP-2022-000155,2022,MSKU2733007,18,16789.97,62680.32,5194.0,21,19,OnTime
81,20220610,2022-06-10,CLI0013,DST05,FMT03,NAV01,INC01,LP-2022-000160,2022,MSKU8516847,22,19666.93,57323.2,7910.21,26,24,OnTime
94,20220614,2022-06-14,CLI0006,DST01,FMT01,NAV01,INC03,LP-2022-000172,2022,CMAU9572815,18,16486.03,69536.43,7153.88,22,22,OnTime
103,20220617,2022-06-17,CLI0030,DST04,FMT04,NAV02,INC01,LP-2022-000171,2022,MEDU6300918,20,20020.45,73134.7,10789.67,24,20,Early
125,20220629,2022-06-29,CLI0015,DST02,FMT03,NAV02,INC02,LP-2022-000188,2022,MEDU6743870,22,20557.16,83285.28,10967.88,18,22,Late
135,20220627,2022-06-27,CLI0002,DST01,FMT05,NAV04,INC02,LP-2022-000186,2022,HLBU3908796,20,20488.47,86846.53,7474.64,22,23,OnTime
140,20220708,2022-07-08,CLI0018,DST02,FMT05,NAV03,INC01,LP-2022-000186,2022,MSKU8669760,18,18051.78,80151.71,9251.93,18,18,OnTime
145,20220720,2022-07-20,CLI0012,DST01,FMT01,NAV03,INC02,LP-2022-000214,2022,CMAU8480490,20,19201.84,82663.92,7154.76,22,28,Late
153,20220714,2022-07-14,CLI0014,DST02,FMT04,NAV03,INC03,LP-2022-000209,2022,HLBU7847429,19,16232.79,58837.37,6565.65,18,14,Early
167,20220705,2022-07-05,CLI0007,DST01,FMT01,NAV02,INC01,LP-2022-000224,2022,HLBU1691624,18,18391.44,68395.93,8492.8,22,21,OnTime
171,20220718,2022-07-18,CLI0018,DST02,FMT02,NAV05,INC01,LP-2022-000237,2022,MSKU2146301,22,22479.35,75897.03,6075.49,18,16,OnTime
174,20220721,2022-07-21,CLI0009,DST04,FMT03,NAV03,INC03,LP-2022-000223,2022,CMAU3540577,21,21189.45,70607.49,10511.65,24,28,OnTime
175,20220718,2022-07-18,CLI0013,DST05,FMT04,NAV03,INC02,LP-2022-000225,2022,CMAU7603083,18,17087.57,89438.05,6653.55,26,26,OnTime
179,20220704,2022-07-04,CLI0028,DST02,FMT05,NAV04,INC03,LP-2022-000226,2022,MEDU7131761,18,16354.51,62304.14,6518.09,18,15,Early
184,20220730,2022-07-30,CLI0003,DST02,FMT02,NAV04,INC01,LP-2022-000245,2022,CMAU1223986,20,21681.32,77035.9,10938.36,18,18,OnTime
185,20220713,2022-07-13,CLI0007,DST01,FMT02,NAV05,INC01,LP-2022-000245,2022,MEDU3159778,18,17892.71,64843.18,7738.43,22,21,OnTime
193,20220727,2022-07-27,CLI0010,DST03,FMT04,NAV04,INC02,LP-2022-000238,2022,HLBU3636223,19,18934.93,79261.62,7172.02,25,23,OnTime
195,20220713,2022-07-13,CLI0009,DST04,FMT04,NAV04,INC02,LP-2022-000238,2022,HLBU7977452,20,17905.75,80699.42,8913.92,24,23,OnTime
197,20220718,2022-07-18,CLI0028,DST02,FMT04,NAV01,INC03,LP-2022-000238,2022,HLBU3395993,21,19158.83,86879.55,9846.27,18,23,OnTime
204,20220710,2022-07-10,CLI0009,DST04,FMT05,NAV01,INC03,LP-2022-000240,2022,HLBU7206043,22,21423.44,91713.75,10949.42,24,23,OnTime
230,20220729,2022-07-29,CLI0010,DST03,FMT04,NAV04,INC03,LP-2022-000265,2022,CMAU6206627,22,21786.94,102015.17,7107.05,25,26,OnTime
239,20220728,2022-07-28,CLI0024,DST02,FMT01,NAV04,INC03,LP-2022-000272,2022,CMAU2038236,22,22911.9,84776.32,11090.75,18,16,OnTime
240,20220730,2022-07-30,CLI0004,DST02,FMT01,NAV05,INC01,LP-2022-000272,2022,HLBU5396465,21,19669.05,76016.94,7833.8,18,19,OnTime
241,20220801,2022-08-01,CLI0019,DST06,FMT02,NAV01,INC01,LP-2022-000275,2022,MEDU4642361,22,18739.29,63453.11,6892.04,23,22,OnTime
255,20220810,2022-08-10,CLI0013,DST05,FMT04,NAV05,INC02,LP-2022-000268,2022,MEDU5995017,18,15916.4,72298.66,6627.15,26,25,OnTime
257,20220731,2022-07-31,CLI0013,DST05,FMT04,NAV01,INC03,LP-2022-000268,2022,HLBU8560680,20,17522.23,83081.65,10289.43,26,27,OnTime
258,20220807,2022-08-07,CLI0029,DST07,FMT04,NAV01,INC02,LP-2022-000268,2022,HLBU8963826,19,18645.52,70081.05,7296.84,24,31,Late
264,20220727,2022-07-27,CLI0026,DST01,FMT05,NAV04,INC03,LP-2022-000274,2022,MEDU1731051,22,19313.94,75314.71,8428.94,22,21,OnTime
267,20220731,2022-07-31,CLI0015,DST02,FMT05,NAV04,INC02,LP-2022-000274,2022,MEDU1187943,21,21092.13,90917.63,10163.42,18,15,Early
280,20220814,2022-08-14,CLI0008,DST03,FMT03,NAV04,INC01,LP-2022-000288,2022,CMAU2136868,19,18937.91,56984.17,6644.16,25,22,Early
290,20220805,2022-08-05,CLI0031,DST03,FMT03,NAV03,INC02,LP-2022-000288,2022,CMAU8882845,21,18912.96,59927.61,4240.01,25,30,Late
292,20220731,2022-07-31,CLI0026,DST01,FMT03,NAV04,INC02,LP-2022-000288,2022,MEDU1184617,21,21028.87,64951.87,10028.94,22,23,OnTime
296,20220814,2022-08-14,CLI0024,DST02,FMT05,NAV05,INC02,LP-2022-000291,2022,CMAU9657277,20,19107.79,67400.82,7363.0,18,19,OnTime
299,20220820,2022-08-20,CLI0002,DST01,FMT01,NAV03,INC02,LP-2022-000320,2022,MSKU9172034,22,20853.18,93735.04,7614.02,22,21,OnTime
300,20220831,2022-08-31,CLI0027,DST09,FMT01,NAV03,INC03,LP-2022-000320,2022,HLBU2309289,21,17973.09,71070.99,6727.85,21,26,OnTime
310,20220820,2022-08-20,CLI0023,DST03,FMT04,NAV01,INC03,LP-2022-000308,2022,MSKU9460922,18,16119.59,71525.84,7009.7,25,29,Late
315,20220816,2022-08-16,CLI0030,DST04,FMT04,NAV03,INC01,LP-2022-000308,2022,MEDU1554165,22,21946.68,90764.88,10644.27,24,23,OnTime
316,20220815,2022-08-15,CLI0031,DST03,FMT04,NAV01,INC03,LP-2022-000308,2022,CMAU2486048,19,19252.52,91099.07,7440.18,25,34,Late
322,20220817,2022-08-17,CLI0010,DST03,FMT05,NAV01,INC03,LP-2022-000314,2022,CMAU8437139,20,18041.11,47099.93,7683.77,25,28,OnTime
323,20220815,2022-08-15,CLI0029,DST07,FMT05,NAV03,INC03,LP-2022-000314,2022,MEDU4678225,19,18699.88,48485.05,9447.01,24,25,OnTime
326,20220818,2022-08-18,CLI0002,DST01,FMT01,NAV05,INC01,LP-2022-000327,2022,MEDU5178990,19,20457.91,100186.48,9526.97,22,22,OnTime
332,20220826,2022-08-26,CLI0026,DST01,FMT03,NAV04,INC03,LP-2022-000323,2022,CMAU6303852,22,23191.87,69322.82,9871.52,22,20,OnTime
359,20220909,2022-09-09,CLI0022,DST05,FMT01,NAV03,INC01,LP-2022-000337,2022,HLBU7084222,19,18159.35,76917.56,6390.27,26,31,OnTime
388,20220912,2022-09-12,CLI0012,DST01,FMT01,NAV02,INC03,LP-2022-000364,2022,CMAU2899405,22,19269.35,86993.41,5065.0,22,20,OnTime
394,20220905,2022-09-05,CLI0017,DST01,FMT02,NAV04,INC03,LP-2022-000358,2022,HLBU4225606,19,20432.93,67810.76,12488.21,22,24,OnTime
403,20220911,2022-09-11,CLI0016,DST07,FMT04,NAV03,INC01,LP-2022-000357,2022,MEDU1068803,21,21114.99,96839.68,8245.87,24,29,Late
411,20220831,2022-08-31,CLI0032,DST01,FMT05,NAV02,INC01,LP-2022-000361,2022,MEDU2340886,21,20578.1,77495.07,7091.42,22,26,OnTime
415,20220913,2022-09-13,CLI0027,DST09,FMT05,NAV04,INC02,LP-2022-000361,2022,CMAU9282759,20,20964.05,86558.47,9747.02,21,18,Early
433,20220916,2022-09-16,CLI0031,DST03,FMT02,NAV03,INC01,LP-2022-000373,2022,MEDU5856304,22,22297.92,63007.23,9643.71,25,23,OnTime
439,20220924,2022-09-24,CLI0023,DST03,FMT04,NAV03,INC01,LP-2022-000378,2022,CMAU6641870,22,22865.94,111391.43,6754.15,25,23,OnTime
440,20220918,2022-09-18,CLI0002,DST01,FMT04,NAV03,INC03,LP-2022-000378,2022,CMAU4501785,22,19615.37,91766.59,9377.9,22,28,Late
443,20220906,2022-09-06,CLI0011,DST09,FMT04,NAV01,INC03,LP-2022-000378,2022,MSKU7350093,19,16832.68,71461.46,5881.85,21,24,OnTime
451,20220920,2022-09-20,CLI0003,DST02,FMT01,NAV02,INC01,LP-2022-000387,2022,MSKU2510101,18,17616.48,79001.1,7772.85,18,21,OnTime
479,20221007,2022-10-07,CLI0006,DST01,FMT02,NAV01,INC02,LP-2022-000424,2022,MEDU4233400,21,19075.7,58972.53,10218.62,22,22,OnTime
502,20220923,2022-09-23,CLI0015,DST02,FMT05,NAV02,INC01,LP-2022-000414,2022,CMAU5885730,20,20695.2,62091.81,10744.27,18,20,OnTime
507,20221003,2022-10-03,CLI0001,DST01,FMT05,NAV01,INC03,LP-2022-000414,2022,MSKU9634605,21,22495.93,75932.76,11688.37,22,21,OnTime
512,20221016,2022-10-16,CLI0016,DST07,FMT01,NAV01,INC03,LP-2022-000431,2022,MSKU8390827,20,19426.46,67749.78,8866.84,24,26,OnTime
528,20220927,2022-09-27,CLI0030,DST04,FMT04,NAV05,INC02,LP-2022-000427,2022,CMAU5572354,18,17695.07,60978.98,7698.37,24,26,OnTime
545,20221005,2022-10-05,CLI0029,DST07,FMT01,NAV04,INC01,LP-2022-000443,2022,MEDU2049273,18,17215.54,61115.17,8609.65,24,31,Late
552,20221019,2022-10-19,CLI0032,DST01,FMT03,NAV04,INC02,LP-2022-000445,2022,MSKU6446330,18,18780.65,41610.41,6720.29,22,24,OnTime
555,20221014,2022-10-14,CLI0021,DST06,FMT04,NAV01,INC03,LP-2022-000446,2022,CMAU5902951,22,22329.54,90349.78,9211.49,23,24,OnTime
558,20221004,2022-10-04,CLI0012,DST01,FMT04,NAV05,INC03,LP-2022-000446,2022,HLBU2373681,19,16870.46,84959.64,6919.94,22,22,OnTime
565,20221003,2022-10-03,CLI0001,DST01,FMT05,NAV02,INC03,LP-2022-000447,2022,CMAU9994304,18,18491.11,79624.57,8425.85,22,22,OnTime
597,20221103,2022-11-03,CLI0022,DST05,FMT02,NAV05,INC01,LP-2022-000483,2022,HLBU2587888,19,19371.95,49952.51,7588.56,26,23,Early
600,20221028,2022-10-28,CLI0006,DST01,FMT02,NAV04,INC02,LP-2022-000483,2022,MSKU1192915,21,20023.69,56769.16,8741.11,22,27,Late
603,20221018,2022-10-18,CLI0027,DST09,FMT02,NAV01,INC01,LP-2022-000483,2022,MEDU8117645,19,16757.7,40468.17,8242.57,21,18,Early
611,20221023,2022-10-23,CLI0003,DST02,FMT04,NAV04,INC01,LP-2022-000489,2022,MSKU9956960,18,19197.54,94444.22,8188.58,18,18,OnTime
622,20221107,2022-11-07,CLI0031,DST03,FMT03,NAV01,INC03,LP-2022-000501,2022,MEDU2389974,18,18319.81,59757.39,6872.57,25,35,Late
643,20221106,2022-11-06,CLI0029,DST07,FMT01,NAV02,INC02,LP-2022-000511,2022,MEDU1160902,20,20962.34,85274.8,8560.49,24,31,Late
658,20221108,2022-11-08,CLI0022,DST05,FMT05,NAV01,INC03,LP-2022-000515,2022,MSKU5018344,20,19618.36,81920.39,10124.46,26,26,OnTime
666,20221113,2022-11-13,CLI0005,DST09,FMT04,NAV03,INC02,LP-2022-000532,2022,MEDU8795947,20,21076.78,100816.56,5239.37,21,21,OnTime
671,20221120,2022-11-20,CLI0017,DST01,FMT05,NAV01,INC02,LP-2022-000531,2022,MEDU2385516,20,19159.63,78387.79,8404.93,22,19,Early
677,20221122,2022-11-22,CLI0008,DST03,FMT03,NAV05,INC01,LP-2022-000547,2022,MSKU9033135,21,21562.31,81451.63,8045.9,25,28,OnTime
680,20221121,2022-11-21,CLI0011,DST09,FMT04,NAV05,INC01,LP-2022-000543,2022,CMAU3829956,22,19754.92,102091.45,9310.75,21,32,Late
681,20221127,2022-11-27,CLI0030,DST04,FMT04,NAV03,INC01,LP-2022-000543,2022,HLBU9156326,22,21205.59,102210.94,8264.81,24,28,Late
692,20221127,2022-11-27,CLI0001,DST01,FMT03,NAV02,INC03,LP-2022-000575,2022,HLBU1355266,21,20450.25,63804.78,7615.24,22,28,Late
694,20221129,2022-11-29,CLI0019,DST06,FMT04,NAV05,INC02,LP-2022-000567,2022,HLBU1955032,19,16728.64,81731.12,5485.28,23,19,Early
722,20221221,2022-12-21,CLI0022,DST05,FMT04,NAV04,INC02,LP-2022-000607,2022,MSKU5669482,19,16973.18,68264.43,7637.22,26,31,Late
728,20221218,2022-12-18,CLI0019,DST06,FMT01,NAV02,INC01,LP-2022-000622,2022,MSKU9804196,20,17960.51,81494.02,9751.11,23,21,OnTime
730,20221228,2022-12-28,CLI0027,DST09,FMT05,NAV05,INC03,LP-2022-000619,2022,MEDU7070547,18,16826.53,89591.18,8535.64,21,25,OnTime
743,20230111,2023-01-11,CLI0023,DST03,FMT05,NAV02,INC03,LP-2022-000647,2023,CMAU6262925,20,20490.96,107003.79,5821.61,25,28,OnTime
756,20230129,2023-01-29,CLI0004,DST02,FMT02,NAV05,INC03,LP-2023-000707,2023,HLBU9890473,21,22647.88,78141.98,12658.38,18,17,OnTime
757,20230206,2023-02-06,CLI0005,DST09,FMT02,NAV04,INC02,LP-2023-000707,2023,MSKU1311526,18,18309.81,68238.83,3714.0,21,24,OnTime
762,20230128,2023-01-28,CLI0012,DST01,FMT05,NAV03,INC03,LP-2023-000703,2023,MSKU1098180,21,19405.95,101368.92,8046.56,22,25,OnTime
766,20230207,2023-02-07,CLI0026,DST01,FMT02,NAV03,INC02,LP-2023-000716,2023,MEDU2368454,19,19355.31,74314.71,8181.2,22,31,Late
786,20230602,2023-06-02,CLI0032,DST01,FMT03,NAV05,INC03,LP-2023-000759,2023,MEDU4504559,19,20492.37,65878.87,11586.81,22,19,Early
788,20230528,2023-05-28,CLI0026,DST01,FMT04,NAV02,INC01,LP-2023-000761,2023,CMAU6704754,20,17709.93,89544.95,5948.49,22,23,OnTime
795,20230605,2023-06-05,CLI0001,DST01,FMT02,NAV04,INC01,LP-2023-000778,2023,MEDU2228204,22,21798.45,59152.27,11450.45,22,19,Early
803,20230520,2023-05-20,CLI0022,DST05,FMT05,NAV05,INC01,LP-2023-000772,2023,MSKU8092901,19,19913.42,83391.43,6929.66,26,25,OnTime
806,20230522,2023-05-22,CLI0027,DST09,FMT05,NAV03,INC03,LP-2023-000772,2023,CMAU8946649,22,18998.42,94346.15,8821.84,21,21,OnTime
810,20230616,2023-06-16,CLI0016,DST07,FMT03,NAV02,INC01,LP-2023-000794,2023,MEDU6859110,21,20214.01,56528.48,9053.11,24,30,Late
811,20230528,2023-05-28,CLI0012,DST01,FMT03,NAV02,INC02,LP-2023-000794,2023,CMAU5462150,20,19097.8,70887.21,7582.71,22,19,Early
812,20230618,2023-06-18,CLI0008,DST03,FMT05,NAV03,INC01,LP-2023-000795,2023,MEDU7712516,20,21591.99,99115.87,10637.63,25,33,Late
813,20230531,2023-05-31,CLI0028,DST02,FMT05,NAV01,INC01,LP-2023-000795,2023,MEDU8100691,18,17332.37,81132.82,4851.46,18,20,OnTime
819,20230609,2023-06-09,CLI0012,DST01,FMT02,NAV02,INC01,LP-2023-000811,2023,HLBU6794358,19,18968.52,75559.2,10590.24,22,22,OnTime
830,20230619,2023-06-19,CLI0014,DST02,FMT05,NAV03,INC01,LP-2023-000804,2023,MEDU8465930,21,22456.56,64510.96,7457.71,18,15,Early
832,20230625,2023-06-25,CLI0015,DST02,FMT01,NAV05,INC01,LP-2023-000828,2023,HLBU4478507,21,19017.74,97294.76,9241.38,18,17,OnTime
839,20230618,2023-06-18,CLI0018,DST02,FMT01,NAV01,INC01,LP-2023-000828,2023,CMAU6450483,18,18903.02,90105.03,5811.52,18,23,OnTime
840,20230616,2023-06-16,CLI0029,DST07,FMT01,NAV01,INC02,LP-2023-000828,2023,MSKU8695078,20,18115.11,77936.64,9235.45,24,21,Early
841,20230616,2023-06-16,CLI0011,DST09,FMT01,NAV02,INC02,LP-2023-000828,2023,MEDU5102942,22,21952.99,93396.8,9097.99,21,23,OnTime
848,20230616,2023-06-16,CLI0022,DST05,FMT05,NAV04,INC03,LP-2023-000832,2023,HLBU5453996,21,22413.28,83047.93,8010.66,26,22,Early
860,20230707,2023-07-07,CLI0025,DST05,FMT02,NAV04,INC03,LP-2023-000846,2023,HLBU2878763,19,17361.0,43341.74,5808.48,26,31,OnTime
865,20230624,2023-06-24,CLI0029,DST07,FMT04,NAV04,INC02,LP-2023-000851,2023,CMAU8524803,21,20683.82,75758.63,8142.27,24,32,Late
875,20230712,2023-07-12,CLI0021,DST06,FMT02,NAV02,INC03,LP-2023-000871,2023,MSKU3083722,19,19271.13,62095.44,9941.04,23,19,Early
890,20230624,2023-06-24,CLI0001,DST01,FMT05,NAV04,INC03,LP-2023-000870,2023,MEDU3496119,19,17757.5,77310.83,6957.59,22,22,OnTime
904,20230703,2023-07-03,CLI0022,DST05,FMT03,NAV02,INC01,LP-2023-000883,2023,CMAU1787735,20,18347.78,46340.99,9125.32,26,25,OnTime
906,20230720,2023-07-20,CLI0023,DST03,FMT03,NAV01,INC03,LP-2023-000883,2023,HLBU1037839,19,20650.33,50669.71,9112.2,25,27,OnTime
930,20230709,2023-07-09,CLI0025,DST05,FMT04,NAV05,INC01,LP-2023-000904,2023,HLBU2468097,21,22697.61,110537.36,10696.28,26,32,OnTime
933,20230711,2023-07-11,CLI0026,DST01,FMT04,NAV01,INC03,LP-2023-000904,2023,MSKU4945705,21,21223.6,104432.85,7220.49,22,22,OnTime
953,20230719,2023-07-19,CLI0006,DST01,FMT04,NAV05,INC02,LP-2023-000923,2023,HLBU5989101,22,19616.76,62012.5,5929.86,22,19,Early
977,20230725,2023-07-25,CLI0006,DST01,FMT04,NAV04,INC02,LP-2023-000942,2023,MEDU8727283,21,20118.23,96911.53,7993.22,22,22,OnTime
979,20230807,2023-08-07,CLI0012,DST01,FMT04,NAV04,INC02,LP-2023-000942,2023,HLBU1241863,21,18611.42,92817.01,7494.63,22,28,Late
986,20230731,2023-07-31,CLI0020,DST06,FMT05,NAV05,INC01,LP-2023-000947,2023,HLBU1420360,19,17801.76,84084.83,5904.51,23,24,OnTime
1002,20230810,2023-08-10,CLI0026,DST01,FMT02,NAV01,INC03,LP-2023-000948,2023,HLBU4938171,18,15970.06,45115.42,6986.7,22,22,OnTime
1007,20230808,2023-08-08,CLI0025,DST05,FMT03,NAV02,INC02,LP-2023-000951,2023,MSKU5650710,19,18506.23,42490.3,10113.14,26,19,Early
1028,20230825,2023-08-25,CLI0003,DST02,FMT02,NAV03,INC02,LP-2023-000968,2023,MSKU4615235,19,20541.81,58805.04,6243.58,18,17,OnTime
1030,20230814,2023-08-14,CLI0011,DST09,FMT02,NAV05,INC03,LP-2023-000968,2023,MEDU4978201,22,20840.96,44616.33,10869.39,21,27,Late
1033,20230810,2023-08-10,CLI0021,DST06,FMT03,NAV02,INC01,LP-2023-000973,2023,MEDU7528407,20,21025.89,64873.28,10632.39,23,23,OnTime
1038,20230826,2023-08-26,CLI0009,DST04,FMT04,NAV04,INC03,LP-2023-000969,2023,MEDU8788340,22,19057.57,94449.32,9162.92,24,23,OnTime
1048,20230831,2023-08-31,CLI0014,DST02,FMT01,NAV02,INC03,LP-2023-000989,2023,MSKU4108355,18,16260.88,62623.9,6920.31,18,19,OnTime
1068,20230813,2023-08-13,CLI0028,DST02,FMT05,NAV02,INC02,LP-2023-000985,2023,MEDU9628008,22,22411.29,75310.9,7547.73,18,21,OnTime
1074,20230828,2023-08-28,CLI0014,DST02,FMT05,NAV05,INC03,LP-2023-000985,2023,CMAU6803212,21,18407.86,51308.23,9904.79,18,16,OnTime
1090,20230903,2023-09-03,CLI0020,DST06,FMT03,NAV03,INC01,LP-2023-001017,2023,CMAU8415606,19,18455.53,44363.4,6836.52,23,22,OnTime
1105,20230823,2023-08-23,CLI0031,DST03,FMT05,NAV01,INC03,LP-2023-001006,2023,MEDU7930626,22,20649.11,92080.58,7090.59,25,22,Early
1114,20230905,2023-09-05,CLI0030,DST04,FMT02,NAV04,INC02,LP-2023-001029,2023,CMAU6006041,21,23027.14,79719.96,10594.23,24,23,OnTime
1118,20230826,2023-08-26,CLI0015,DST02,FMT02,NAV05,INC03,LP-2023-001029,2023,CMAU6407295,20,21056.36,63472.29,12503.59,18,26,Late
1124,20230906,2023-09-06,CLI0019,DST06,FMT04,NAV02,INC01,LP-2023-001031,2023,MSKU7819640,21,23055.35,99626.78,8952.12,23,24,OnTime
1129,20230829,2023-08-29,CLI0022,DST05,FMT05,NAV02,INC03,LP-2023-001030,2023,MSKU6223353,22,18709.34,73402.35,7187.93,26,33,Late
1134,20230831,2023-08-31,CLI0020,DST06,FMT05,NAV01,INC01,LP-2023-001030,2023,HLBU1737324,22,20362.17,77080.99,8916.53,23,26,OnTime
1136,20230912,2023-09-12,CLI0005,DST09,FMT05,NAV01,INC02,LP-2023-001030,2023,MEDU6875391,18,15803.02,62730.09,6710.79,21,22,OnTime
1150,20230903,2023-09-03,CLI0028,DST02,FMT01,NAV05,INC01,LP-2023-001046,2023,MEDU2217839,21,19561.94,66356.06,9341.85,18,16,OnTime
1152,20230919,2023-09-19,CLI0031,DST03,FMT02,NAV04,INC01,LP-2023-001047,2023,MSKU9186655,18,16890.22,51307.42,6477.8,25,23,OnTime
1214,20230928,2023-09-28,CLI0018,DST02,FMT02,NAV04,INC02,LP-2023-001079,2023,CMAU5330836,18,17548.64,66749.76,6919.28,18,19,OnTime
1235,20231002,2023-10-02,CLI0010,DST03,FMT01,NAV01,INC01,LP-2023-001100,2023,MEDU5218132,21,20801.52,88250.45,8734.61,25,26,OnTime
1238,20231014,2023-10-14,CLI0011,DST09,FMT01,NAV01,INC02,LP-2023-001100,2023,MEDU2257434,21,20481.83,85196.22,8532.69,21,18,Early
1264,20231019,2023-10-19,CLI0002,DST01,FMT03,NAV02,INC01,LP-2023-001116,2023,HLBU4503576,22,24006.43,92588.0,7409.97,22,22,OnTime
1279,20231008,2023-10-08,CLI0019,DST06,FMT05,NAV01,INC01,LP-2023-001113,2023,MEDU2797516,22,19067.3,87667.63,7373.94,23,19,Early
1289,20231029,2023-10-29,CLI0009,DST04,FMT01,NAV01,INC01,LP-2023-001143,2023,CMAU1570380,21,20110.53,70849.4,5910.73,24,24,OnTime
1293,20231023,2023-10-23,CLI0001,DST01,FMT02,NAV02,INC01,LP-2023-001142,2023,HLBU8546235,19,18074.26,63073.75,10186.94,22,20,OnTime
1310,20231012,2023-10-12,CLI0002,DST01,FMT05,NAV04,INC01,LP-2023-001140,2023,HLBU2414566,20,18505.93,81109.64,8310.37,22,19,Early
1314,20231104,2023-11-04,CLI0014,DST02,FMT03,NAV01,INC02,LP-2023-001156,2023,MSKU4466568,20,17633.08,53177.84,6884.18,18,19,OnTime
1324,20231021,2023-10-21,CLI0015,DST02,FMT05,NAV04,INC01,LP-2023-001152,2023,MEDU2013363,22,19494.64,64098.38,7259.45,18,16,OnTime
1331,20231029,2023-10-29,CLI0028,DST02,FMT04,NAV03,INC02,LP-2023-001170,2023,MSKU2523210,22,20300.35,81252.15,9299.2,18,17,OnTime
1341,20231031,2023-10-31,CLI0020,DST06,FMT05,NAV05,INC03,LP-2023-001167,2023,MSKU9743390,21,19427.42,82094.45,9398.81,23,23,OnTime
1375,20231124,2023-11-24,CLI0029,DST07,FMT04,NAV02,INC01,LP-2023-001197,2023,HLBU7774978,19,18969.59,102490.8,7740.87,24,21,Early
1392,20231115,2023-11-15,CLI0016,DST07,FMT04,NAV05,INC03,LP-2023-001214,2023,MSKU4020094,20,21496.57,103134.09,8639.68,24,23,OnTime
1400,20231201,2023-12-01,CLI0019,DST06,FMT04,NAV05,INC02,LP-2023-001229,2023,CMAU8582374,20,19553.34,89693.13,6167.6,23,21,OnTime
1405,20231124,2023-11-24,CLI0031,DST03,FMT05,NAV03,INC01,LP-2023-001233,2023,HLBU7840517,20,18432.37,63893.97,8468.31,25,30,OnTime
1408,20231211,2023-12-11,CLI0019,DST06,FMT04,NAV02,INC02,LP-2023-001243,2023,HLBU6613671,22,21830.87,82215.06,10230.39,23,24,OnTime
1422,20231213,2023-12-13,CLI0012,DST01,FMT04,NAV01,INC02,LP-2023-001252,2023,MSKU3667774,22,23001.95,103264.95,13771.46,22,19,Early
1430,20231227,2023-12-27,CLI0023,DST03,FMT03,NAV02,INC01,LP-2023-001272,2023,HLBU8540019,21,21192.11,72093.44,6712.87,25,27,OnTime
1437,20231228,2023-12-28,CLI0021,DST06,FMT05,NAV01,INC02,LP-2023-001292,2023,MEDU4201034,18,17319.27,65312.7,6921.4,23,25,OnTime
1443,20231225,2023-12-25,CLI0014,DST02,FMT05,NAV05,INC02,LP-2023-001314,2023,MSKU9877782,19,19404.46,63896.95,5896.95,18,16,OnTime
1445,20240111,2024-01-11,CLI0015,DST02,FMT02,NAV02,INC01,LP-2023-001334,2024,CMAU3742267,20,16798.86,46153.19,7084.85,18,17,OnTime
1452,20240118,2024-01-18,CLI0011,DST09,FMT05,NAV05,INC03,LP-2024-001338,2024,MSKU8860145,21,20807.65,103738.62,6323.0,21,22,OnTime
1456,20240125,2024-01-25,CLI0030,DST04,FMT03,NAV04,INC02,LP-2024-001365,2024,CMAU6888062,21,18942.21,51174.27,8468.09,24,26,OnTime
1458,20240123,2024-01-23,CLI0012,DST01,FMT04,NAV01,INC02,LP-2024-001358,2024,CMAU8776006,21,19546.87,96929.02,6281.4,22,22,OnTime
1462,20240121,2024-01-21,CLI0020,DST06,FMT01,NAV02,INC01,LP-2024-001376,2024,MEDU5068004,22,20209.46,92052.07,9622.15,23,23,OnTime
1492,20240519,2024-05-19,CLI0013,DST05,FMT01,NAV04,INC02,LP-2024-001436,2024,MSKU7616702,19,17546.57,83207.59,8411.87,26,28,OnTime
1503,20240515,2024-05-15,CLI0024,DST02,FMT04,NAV02,INC02,LP-2024-001442,2024,HLBU5530943,20,18260.25,76753.31,7775.65,18,16,OnTime
1508,20240528,2024-05-28,CLI0008,DST03,FMT05,NAV04,INC03,LP-2024-001443,2024,MSKU1662780,18,17420.46,78628.99,8286.61,25,23,OnTime
1512,20240522,2024-05-22,CLI0006,DST01,FMT01,NAV03,INC03,LP-2024-001452,2024,MEDU1975286,19,19962.42,92152.52,8630.51,22,23,OnTime
1538,20240604,2024-06-04,CLI0010,DST03,FMT04,NAV05,INC02,LP-2024-001469,2024,MEDU2010756,18,16447.01,72009.94,7739.05,25,24,OnTime
1546,20240619,2024-06-19,CLI0020,DST06,FMT04,NAV01,INC03,LP-2024-001488,2024,CMAU6121802,19,19335.78,90481.78,9066.7,23,16,Early
1552,20240619,2024-06-19,CLI0005,DST09,FMT05,NAV02,INC02,LP-2024-001487,2024,MSKU9781318,20,20488.82,87735.18,9686.47,21,25,OnTime
1555,20240611,2024-06-11,CLI0002,DST01,FMT05,NAV01,INC03,LP-2024-001487,2024,HLBU6335141,22,22152.7,106115.86,10211.45,22,27,Late
1557,20240614,2024-06-14,CLI0024,DST02,FMT01,NAV03,INC02,LP-2024-001505,2024,HLBU2499358,22,19811.04,73130.47,11006.2,18,20,OnTime
1564,20240627,2024-06-27,CLI0002,DST01,FMT02,NAV03,INC03,LP-2024-001510,2024,CMAU2703300,21,22158.36,94897.61,11140.83,22,20,OnTime
1567,20240615,2024-06-15,CLI0015,DST02,FMT03,NAV03,INC03,LP-2024-001503,2024,HLBU5741222,21,21606.68,71719.05,6099.81,18,17,OnTime
1578,20240617,2024-06-17,CLI0004,DST02,FMT05,NAV02,INC01,LP-2024-001506,2024,MEDU4412509,22,20174.27,88218.05,8676.52,18,15,Early
1579,20240616,2024-06-16,CLI0007,DST01,FMT05,NAV03,INC02,LP-2024-001506,2024,CMAU8206482,21,22043.85,87134.93,9859.43,22,24,OnTime
1583,20240630,2024-06-30,CLI0025,DST05,FMT01,NAV01,INC01,LP-2024-001528,2024,CMAU4572613,19,18213.17,66387.0,8348.14,26,38,Late
1591,20240615,2024-06-15,CLI0026,DST01,FMT04,NAV05,INC01,LP-2024-001523,2024,MEDU3043151,20,19449.97,84086.11,10051.35,22,19,Early
1607,20240709,2024-07-09,CLI0026,DST01,FMT03,NAV04,INC02,LP-2024-001543,2024,CMAU7682908,18,17141.6,44720.72,7973.87,22,31,Late
1651,20240719,2024-07-19,CLI0019,DST06,FMT02,NAV04,INC02,LP-2024-001557,2024,CMAU3380875,22,19703.23,66543.72,6134.15,23,25,OnTime
1653,20240713,2024-07-13,CLI0007,DST01,FMT02,NAV05,INC02,LP-2024-001557,2024,CMAU1765812,22,23104.38,76249.07,10476.18,22,21,OnTime
1678,20240712,2024-07-12,CLI0032,DST01,FMT02,NAV01,INC01,LP-2024-001572,2024,MSKU2322900,20,19300.09,58961.77,7294.79,22,20,OnTime
1682,20240708,2024-07-08,CLI0009,DST04,FMT03,NAV04,INC03,LP-2024-001573,2024,MEDU9137610,21,21302.43,71565.51,10649.13,24,27,OnTime
1685,20240714,2024-07-14,CLI0021,DST06,FMT03,NAV03,INC01,LP-2024-001573,2024,CMAU2722354,22,20914.39,61440.2,6819.67,23,26,OnTime
1692,20240714,2024-07-14,CLI0019,DST06,FMT04,NAV01,INC02,LP-2024-001576,2024,HLBU4588920,22,21335.29,80907.69,9456.45,23,21,OnTime
1698,20240730,2024-07-30,CLI0021,DST06,FMT01,NAV02,INC01,LP-2024-001590,2024,MSKU1713328,19,18517.71,61999.14,8291.5,23,21,OnTime
1707,20240727,2024-07-27,CLI0031,DST03,FMT03,NAV04,INC01,LP-2024-001597,2024,CMAU6151110,19,17552.5,46803.74,7640.62,25,30,OnTime
1714,20240725,2024-07-25,CLI0009,DST04,FMT04,NAV01,INC01,LP-2024-001588,2024,HLBU4453709,21,22156.19,98998.29,7722.78,24,25,OnTime
1721,20240730,2024-07-30,CLI0022,DST05,FMT05,NAV01,INC03,LP-2024-001586,2024,MEDU7159190,21,21744.82,94144.2,10116.21,26,24,OnTime
1726,20240719,2024-07-19,CLI0026,DST01,FMT05,NAV02,INC02,LP-2024-001586,2024,HLBU9050360,21,21459.19,78311.02,5583.5,22,24,OnTime
1729,20240808,2024-08-08,CLI0027,DST09,FMT01,NAV04,INC01,LP-2024-001615,2024,HLBU6609185,22,19681.23,68307.64,7911.15,21,18,Early
1738,20240730,2024-07-30,CLI0027,DST09,FMT02,NAV01,INC01,LP-2024-001606,2024,MSKU3366798,22,20041.79,47294.62,8772.52,21,33,Late
1739,20240801,2024-08-01,CLI0022,DST05,FMT02,NAV02,INC03,LP-2024-001606,2024,CMAU6402519,18,16227.32,36868.47,6318.28,26,26,OnTime
1746,20240727,2024-07-27,CLI0024,DST02,FMT02,NAV02,INC02,LP-2024-001606,2024,HLBU8763254,18,17220.97,36933.81,7669.78,18,24,Late
1766,20240807,2024-08-07,CLI0003,DST02,FMT05,NAV05,INC03,LP-2024-001601,2024,HLBU8080818,22,23344.03,82128.97,8278.83,18,18,OnTime
1770,20240801,2024-08-01,CLI0007,DST01,FMT05,NAV02,INC03,LP-2024-001601,2024,HLBU3355080,18,16129.06,54167.84,4491.51,22,19,Early
1779,20240811,2024-08-11,CLI0014,DST02,FMT02,NAV01,INC02,LP-2024-001629,2024,MEDU9281094,18,15409.43,42633.27,6922.59,18,16,OnTime
1784,20240806,2024-08-06,CLI0009,DST04,FMT02,NAV02,INC03,LP-2024-001629,2024,MEDU2667281,21,18346.95,50751.33,7009.21,24,29,Late
1789,20240728,2024-07-28,CLI0001,DST01,FMT03,NAV03,INC03,LP-2024-001626,2024,MSKU6468216,19,17263.38,41830.9,8309.37,22,21,OnTime
1794,20240810,2024-08-10,CLI0001,DST01,FMT04,NAV03,INC02,LP-2024-001627,2024,MSKU8446208,21,19728.02,87148.53,9745.3,22,22,OnTime
1801,20240814,2024-08-14,CLI0002,DST01,FMT05,NAV02,INC02,LP-2024-001636,2024,CMAU8649684,19,16437.79,56935.57,4513.17,22,23,OnTime
1802,20240816,2024-08-16,CLI0004,DST02,FMT01,NAV01,INC01,LP-2024-001645,2024,MEDU6550873,20,17946.44,91569.92,7994.01,18,16,OnTime
1809,20240812,2024-08-12,CLI0017,DST01,FMT02,NAV02,INC02,LP-2024-001644,2024,CMAU6888571,20,17294.4,53808.07,7313.17,22,21,OnTime
1833,20240821,2024-08-21,CLI0008,DST03,FMT05,NAV04,INC03,LP-2024-001652,2024,MSKU6706387,18,16300.64,84787.78,5940.83,25,24,OnTime
1838,20240805,2024-08-05,CLI0021,DST06,FMT05,NAV01,INC02,LP-2024-001652,2024,CMAU2182761,22,19653.33,88508.77,8993.4,23,23,OnTime
1851,20240830,2024-08-30,CLI0007,DST01,FMT04,NAV01,INC01,LP-2024-001663,2024,MEDU6431967,21,21765.12,78998.68,7133.77,22,21,OnTime
1883,20240821,2024-08-21,CLI0004,DST02,FMT03,NAV01,INC01,LP-2024-001686,2024,MSKU2473299,20,20373.57,72330.25,5614.33,18,19,OnTime
1906,20240823,2024-08-23,CLI0028,DST02,FMT05,NAV05,INC02,LP-2024-001683,2024,MSKU4263839,18,16748.7,44446.03,7667.59,18,19,OnTime
1939,20240902,2024-09-02,CLI0017,DST01,FMT04,NAV04,INC02,LP-2024-001704,2024,MEDU8064822,18,17132.13,65335.09,7828.69,22,20,OnTime
1953,20240912,2024-09-12,CLI0013,DST05,FMT02,NAV04,INC03,LP-2024-001716,2024,CMAU7710097,20,19548.95,48141.24,6521.11,26,24,OnTime
1954,20240902,2024-09-02,CLI0018,DST02,FMT02,NAV01,INC01,LP-2024-001716,2024,CMAU7460261,19,16700.61,51503.01,7428.14,18,18,OnTime
1957,20240917,2024-09-17,CLI0022,DST05,FMT04,NAV02,INC02,LP-2024-001720,2024,CMAU4965995,18,19178.69,73387.26,8565.58,26,37,Late
1964,20240909,2024-09-09,CLI0030,DST04,FMT04,NAV02,INC01,LP-2024-001720,2024,CMAU4359618,21,20467.57,89121.94,5557.16,24,25,OnTime
1966,20240911,2024-09-11,CLI0020,DST06,FMT04,NAV02,INC02,LP-2024-001720,2024,MEDU3927296,18,17512.57,65461.99,7046.78,23,20,Early
1973,20240906,2024-09-06,CLI0026,DST01,FMT04,NAV01,INC02,LP-2024-001720,2024,MEDU3889932,19,16258.29,67301.19,4446.7,22,18,Early
1980,20240915,2024-09-15,CLI0011,DST09,FMT05,NAV02,INC01,LP-2024-001723,2024,CMAU1696503,22,19195.02,61481.65,9396.13,21,32,Late
1989,20240914,2024-09-14,CLI0004,DST02,FMT02,NAV03,INC02,LP-2024-001741,2024,MSKU9842705,20,21074.82,65017.93,10315.39,18,16,OnTime
2010,20240922,2024-09-22,CLI0011,DST09,FMT03,NAV01,INC01,LP-2024-001743,2024,MSKU1693810,22,20324.71,63374.48,9812.97,21,23,OnTime
2012,20240920,2024-09-20,CLI0025,DST05,FMT04,NAV01,INC01,LP-2024-001739,2024,MSKU4873797,20,19764.73,67344.36,8223.48,26,21,Early
2013,20240916,2024-09-16,CLI0010,DST03,FMT04,NAV01,INC03,LP-2024-001739,2024,CMAU3139642,19,17050.67,51044.59,8222.08,25,22,Early
2025,20240927,2024-09-27,CLI0004,DST02,FMT05,NAV02,INC02,LP-2024-001740,2024,CMAU9244579,18,16265.6,61492.1,7698.15,18,21,OnTime
2046,20240918,2024-09-18,CLI0032,DST01,FMT04,NAV02,INC03,LP-2024-001756,2024,CMAU6242543,21,22889.33,67177.89,11551.25,22,20,OnTime
2079,20241002,2024-10-02,CLI0008,DST03,FMT03,NAV05,INC01,LP-2024-001776,2024,HLBU4786507,22,19167.34,68643.99,10010.37,25,20,Early
2091,20241007,2024-10-07,CLI0024,DST02,FMT05,NAV05,INC03,LP-2024-001774,2024,CMAU3329813,19,17179.66,73657.79,8659.61,18,18,OnTime
2096,20241012,2024-10-12,CLI0020,DST06,FMT01,NAV02,INC03,LP-2024-001800,2024,CMAU3947193,18,17819.75,83802.72,10709.67,23,22,OnTime
2114,20241002,2024-10-02,CLI0001,DST01,FMT04,NAV04,INC02,LP-2024-001788,2024,MEDU9408127,19,16752.13,75498.5,10509.77,22,21,OnTime
2125,20241012,2024-10-12,CLI0032,DST01,FMT05,NAV02,INC02,LP-2024-001791,2024,HLBU7390602,22,19087.59,78593.15,9075.47,22,30,Late
2132,20241001,2024-10-01,CLI0019,DST06,FMT05,NAV05,INC03,LP-2024-001791,2024,MSKU8339577,22,21961.37,104509.77,12616.3,23,25,OnTime
2149,20241022,2024-10-22,CLI0030,DST04,FMT04,NAV05,INC03,LP-2024-001810,2024,HLBU9417535,22,23701.62,89599.23,8802.19,24,23,OnTime
2187,20241013,2024-10-13,CLI0017,DST01,FMT05,NAV04,INC02,LP-2024-001831,2024,MSKU3932171,21,20673.86,69178.87,10149.61,22,15,Early
2190,20241029,2024-10-29,CLI0022,DST05,FMT05,NAV04,INC03,LP-2024-001831,2024,MSKU4351951,18,16891.47,56912.43,8446.98,26,27,OnTime
2211,20241112,2024-11-12,CLI0023,DST03,FMT04,NAV04,INC03,LP-2024-001866,2024,MSKU8241791,18,16498.87,65233.23,4165.76,25,27,OnTime
2234,20241106,2024-11-06,CLI0017,DST01,FMT03,NAV05,INC03,LP-2024-001875,2024,CMAU8662193,20,17337.82,52179.9,4151.95,22,19,Early
2248,20241113,2024-11-13,CLI0015,DST02,FMT05,NAV03,INC03,LP-2024-001871,2024,MSKU3455049,22,19359.32,79562.93,7957.57,18,24,Late
2263,20241109,2024-11-09,CLI0028,DST02,FMT02,NAV04,INC03,LP-2024-001892,2024,CMAU3121242,22,21554.35,73084.33,9221.52,18,15,Early
2284,20241110,2024-11-10,CLI0018,DST02,FMT05,NAV05,INC03,LP-2024-001909,2024,HLBU1013728,21,20584.47,103356.68,9361.45,18,18,OnTime
2296,20241130,2024-11-30,CLI0004,DST02,FMT04,NAV01,INC01,LP-2024-001920,2024,CMAU9314623,21,21582.51,120257.75,9310.21,18,19,OnTime
2305,20241125,2024-11-25,CLI0004,DST02,FMT01,NAV04,INC01,LP-2024-001943,2024,MEDU5009086,21,19456.53,98446.15,5583.56,18,19,OnTime
2317,20241125,2024-11-25,CLI0002,DST01,FMT05,NAV05,INC02,LP-2024-001945,2024,MSKU8276336,22,23712.35,124843.15,10385.22,22,19,Early
2330,20241219,2024-12-19,CLI0008,DST03,FMT04,NAV05,INC01,LP-2024-001970,2024,CMAU9408832,22,20444.87,118527.09,8308.19,25,25,OnTime
2333,20241201,2024-12-01,CLI0026,DST01,FMT05,NAV04,INC03,LP-2024-001965,2024,MSKU5415748,21,22518.76,97785.46,11407.73,22,20,OnTime
2339,20241213,2024-12-13,CLI0019,DST06,FMT04,NAV01,INC03,LP-2024-001983,2024,MEDU1192647,19,17218.04,94819.75,7467.86,23,30,Late
2345,20250101,2025-01-01,CLI0022,DST05,FMT04,NAV02,INC03,LP-2024-002005,2025,CMAU4845526,21,20993.18,106269.58,6575.08,26,31,Late
2352,20241222,2024-12-22,CLI0003,DST02,FMT03,NAV05,INC02,LP-2024-002020,2024,HLBU6340021,21,19397.83,73605.07,7564.49,18,17,OnTime
2370,20250110,2025-01-10,CLI0005,DST09,FMT05,NAV02,INC03,LP-2024-002047,2025,CMAU3713719,22,22891.46,112289.48,10464.83,21,23,OnTime
2372,20250124,2025-01-24,CLI0006,DST01,FMT01,NAV01,INC01,LP-2025-002063,2025,HLBU3233703,18,18627.7,97150.91,8937.68,22,21,OnTime
2373,20250119,2025-01-19,CLI0013,DST05,FMT04,NAV04,INC02,LP-2025-002069,2025,MEDU7250358,19,19654.85,88228.66,6754.83,26,33,Late
2379,20250123,2025-01-23,CLI0015,DST02,FMT05,NAV02,INC01,LP-2025-002067,2025,MSKU8675295,20,17538.5,83735.81,7113.96,18,15,Early
2384,20250201,2025-02-01,CLI0011,DST09,FMT03,NAV02,INC03,LP-2025-002081,2025,MSKU8585085,18,15328.38,54602.76,5827.71,21,21,OnTime
2393,20250130,2025-01-30,CLI0007,DST01,FMT05,NAV02,INC03,LP-2025-002100,2025,CMAU7317168,19,19114.4,88692.73,9289.0,22,22,OnTime
2399,20250208,2025-02-08,CLI0028,DST02,FMT03,NAV04,INC02,LP-2025-002121,2025,CMAU3958169,19,19056.29,50516.32,7780.56,18,26,Late
2403,20250219,2025-02-19,CLI0020,DST06,FMT05,NAV03,INC01,LP-2025-002116,2025,CMAU4522652,20,18825.11,86316.89,9441.64,23,21,OnTime
2409,20250529,2025-05-29,CLI0018,DST02,FMT01,NAV01,INC02,LP-2025-002145,2025,MSKU9296162,19,16278.69,74774.53,5250.19,18,19,OnTime
2412,20250520,2025-05-20,CLI0031,DST03,FMT02,NAV02,INC01,LP-2025-002146,2025,MSKU6810323,21,19677.4,65576.9,6841.14,25,27,OnTime
2413,20250522,2025-05-22,CLI0029,DST07,FMT02,NAV05,INC02,LP-2025-002146,2025,MEDU6148947,22,22284.92,84094.37,9758.99,24,24,OnTime
2414,20250531,2025-05-31,CLI0010,DST03,FMT03,NAV02,INC03,LP-2025-002148,2025,CMAU8856031,21,21840.75,81022.63,12335.12,25,25,OnTime
2420,20250528,2025-05-28,CLI0006,DST01,FMT05,NAV03,INC01,LP-2025-002141,2025,CMAU7943138,22,22665.98,105417.21,11740.93,22,20,OnTime
2431,20250527,2025-05-27,CLI0032,DST01,FMT04,NAV03,INC02,LP-2025-002164,2025,HLBU7667896,22,20326.77,68037.76,10258.81,22,20,OnTime
2457,20250527,2025-05-27,CLI0022,DST05,FMT05,NAV01,INC03,LP-2025-002184,2025,MEDU1803627,19,19685.93,98533.99,4260.98,26,21,Early
2459,20250605,2025-06-05,CLI0031,DST03,FMT05,NAV02,INC03,LP-2025-002184,2025,HLBU5308424,21,21805.04,103037.54,9666.19,25,27,OnTime
2474,20250607,2025-06-07,CLI0017,DST01,FMT05,NAV01,INC01,LP-2025-002201,2025,MEDU9264208,22,21170.32,76179.28,8177.98,22,23,OnTime
2479,20250602,2025-06-02,CLI0010,DST03,FMT05,NAV05,INC03,LP-2025-002201,2025,MEDU3432114,19,20668.67,71763.69,7808.77,25,19,Early
2499,20250620,2025-06-20,CLI0032,DST01,FMT04,NAV05,INC02,LP-2025-002218,2025,CMAU4185894,22,19614.35,81785.96,9338.98,22,22,OnTime
2502,20250611,2025-06-11,CLI0019,DST06,FMT04,NAV05,INC01,LP-2025-002218,2025,MSKU2201277,19,19154.55,89061.0,9880.12,23,29,Late
2523,20250620,2025-06-20,CLI0007,DST01,FMT04,NAV03,INC02,LP-2025-002235,2025,MSKU3863611,21,20068.75,93969.92,6890.2,22,22,OnTime
2527,20250626,2025-06-26,CLI0032,DST01,FMT05,NAV03,INC01,LP-2025-002239,2025,MSKU5186471,18,16228.82,64332.67,8644.6,22,21,OnTime
2534,20250620,2025-06-20,CLI0032,DST01,FMT05,NAV02,INC01,LP-2025-002239,2025,MSKU5160275,19,20486.29,81799.71,7837.28,22,22,OnTime
2535,20250701,2025-07-01,CLI0003,DST02,FMT05,NAV05,INC01,LP-2025-002239,2025,MEDU7154501,21,21225.65,72865.53,5742.0,18,17,OnTime
2543,20250624,2025-06-24,CLI0017,DST01,FMT02,NAV05,INC03,LP-2025-002248,2025,MEDU4992301,19,18723.13,59837.25,7516.34,22,23,OnTime
2567,20250627,2025-06-27,CLI0005,DST09,FMT05,NAV05,INC01,LP-2025-002255,2025,MSKU4303619,21,19130.02,70408.04,7713.9,21,19,OnTime
2576,20250713,2025-07-13,CLI0020,DST06,FMT02,NAV01,INC01,LP-2025-002267,2025,MEDU1908788,18,16160.9,40305.28,6744.02,23,26,OnTime
2589,20250701,2025-07-01,CLI0001,DST01,FMT04,NAV05,INC02,LP-2025-002266,2025,HLBU6196339,19,17194.38,57145.52,6426.29,22,22,OnTime
2604,20250717,2025-07-17,CLI0017,DST01,FMT01,NAV03,INC03,LP-2025-002284,2025,MSKU5052856,21,21309.2,95946.8,6746.89,22,23,OnTime
2615,20250722,2025-07-22,CLI0031,DST03,FMT03,NAV04,INC03,LP-2025-002281,2025,MEDU9465999,18,18361.88,59931.34,6295.07,25,25,OnTime
2623,20250708,2025-07-08,CLI0011,DST09,FMT04,NAV01,INC03,LP-2025-002290,2025,HLBU3425702,18,18430.55,68403.14,9811.74,21,19,OnTime
2650,20250717,2025-07-17,CLI0001,DST01,FMT04,NAV04,INC01,LP-2025-002304,2025,MEDU6353732,18,19587.07,93898.45,6470.21,22,21,OnTime
2651,20250730,2025-07-30,CLI0008,DST03,FMT04,NAV03,INC02,LP-2025-002304,2025,CMAU1480687,18,15574.66,77535.33,9247.19,25,29,Late
2666,20250720,2025-07-20,CLI0022,DST05,FMT05,NAV05,INC02,LP-2025-002301,2025,CMAU7917968,18,15827.33,64220.97,9207.86,26,23,Early
2673,20250801,2025-08-01,CLI0003,DST02,FMT01,NAV05,INC01,LP-2025-002320,2025,MEDU7124137,19,16840.76,62964.23,7501.72,18,17,OnTime
2677,20250724,2025-07-24,CLI0007,DST01,FMT02,NAV01,INC03,LP-2025-002312,2025,HLBU2526392,18,16988.05,68594.35,8398.63,22,21,OnTime
2684,20250729,2025-07-29,CLI0029,DST07,FMT04,NAV04,INC01,LP-2025-002313,2025,MSKU9539469,22,22175.46,104588.34,7884.83,24,21,Early
2687,20250808,2025-08-08,CLI0032,DST01,FMT04,NAV01,INC01,LP-2025-002313,2025,HLBU9917105,22,23840.68,94542.6,8379.43,22,31,Late
2688,20250723,2025-07-23,CLI0019,DST06,FMT04,NAV03,INC02,LP-2025-002313,2025,MEDU7763011,20,20266.94,99143.84,11899.44,23,24,OnTime
2715,20250726,2025-07-26,CLI0013,DST05,FMT04,NAV03,INC03,LP-2025-002324,2025,MEDU8765012,18,16727.67,87525.86,7834.33,26,26,OnTime
2722,20250805,2025-08-05,CLI0020,DST06,FMT04,NAV01,INC03,LP-2025-002324,2025,MSKU6500205,20,17188.3,83626.24,7472.58,23,22,OnTime
2760,20250825,2025-08-25,CLI0009,DST04,FMT02,NAV03,INC03,LP-2025-002343,2025,HLBU5191041,21,19910.78,58115.58,6795.06,24,24,OnTime
2776,20250818,2025-08-18,CLI0029,DST07,FMT04,NAV04,INC03,LP-2025-002352,2025,MSKU1156278,19,16358.59,63358.45,5609.37,24,28,OnTime
2856,20250827,2025-08-27,CLI0005,DST09,FMT05,NAV04,INC02,LP-2025-002374,2025,CMAU3961888,19,18046.67,63060.48,8865.09,21,21,OnTime
2860,20250827,2025-08-27,CLI0029,DST07,FMT05,NAV05,INC03,LP-2025-002374,2025,HLBU4729597,19,17031.87,48905.31,5165.69,24,30,Late
2862,20250817,2025-08-17,CLI0024,DST02,FMT05,NAV05,INC03,LP-2025-002374,2025,CMAU4876639,20,19930.02,63889.67,10920.47,18,17,OnTime
2863,20250820,2025-08-20,CLI0032,DST01,FMT05,NAV02,INC03,LP-2025-002374,2025,MEDU3862356,20,20791.16,64747.83,7387.72,22,24,OnTime
2878,20250913,2025-09-13,CLI0019,DST06,FMT01,NAV03,INC02,LP-2025-002385,2025,CMAU7470162,19,19825.31,83490.33,5629.2,23,25,OnTime
2882,20250911,2025-09-11,CLI0008,DST03,FMT01,NAV03,INC03,LP-2025-002385,2025,CMAU4987278,22,19979.73,89655.04,7054.1,25,24,OnTime
2890,20250829,2025-08-29,CLI0004,DST02,FMT01,NAV05,INC03,LP-2025-002385,2025,MEDU2533450,20,17723.89,75844.07,5975.13,18,18,OnTime
2897,20250906,2025-09-06,CLI0003,DST02,FMT03,NAV04,INC03,LP-2025-002391,2025,MEDU6699519,22,19527.13,67499.43,6135.01,18,20,OnTime
2921,20250901,2025-09-01,CLI0026,DST01,FMT05,NAV03,INC03,LP-2025-002383,2025,HLBU7200023,19,16237.86,69074.23,5064.69,22,30,Late
2922,20250909,2025-09-09,CLI0005,DST09,FMT05,NAV04,INC01,LP-2025-002383,2025,MSKU7887942,21,21647.21,77854.19,7084.24,21,15,Early
2931,20250920,2025-09-20,CLI0016,DST07,FMT02,NAV02,INC03,LP-2025-002397,2025,CMAU2804927,19,15565.94,48470.78,4640.81,24,21,Early
2935,20250911,2025-09-11,CLI0024,DST02,FMT03,NAV01,INC03,LP-2025-002394,2025,HLBU8358678,18,18640.79,64567.97,8809.42,18,17,OnTime
2961,20250910,2025-09-10,CLI0029,DST07,FMT05,NAV02,INC03,LP-2025-002400,2025,HLBU9796210,22,20517.22,82292.52,5348.72,24,24,OnTime
2981,20250927,2025-09-27,CLI0010,DST03,FMT01,NAV01,INC02,LP-2025-002414,2025,HLBU4382451,19,17461.37,56869.94,8561.34,25,19,Early
2986,20250918,2025-09-18,CLI0006,DST01,FMT03,NAV01,INC02,LP-2025-002415,2025,HLBU3954589,21,21838.07,58831.76,11717.58,22,26,Late
3002,20250917,2025-09-17,CLI0002,DST01,FMT04,NAV02,INC01,LP-2025-002412,2025,MSKU9528656,18,15483.34,57124.23,6532.68,22,21,OnTime
3013,20251003,2025-10-03,CLI0019,DST06,FMT01,NAV04,INC03,LP-2025-002435,2025,CMAU2544274,21,22221.5,78859.66,8730.5,23,20,Early
3017,20250927,2025-09-27,CLI0017,DST01,FMT01,NAV04,INC01,LP-2025-002435,2025,MSKU6378518,21,19513.94,65537.57,7936.97,22,22,OnTime
3032,20250925,2025-09-25,CLI0013,DST05,FMT04,NAV05,INC02,LP-2025-002430,2025,HLBU8815733,18,18002.2,74077.25,7836.3,26,28,OnTime
3053,20250927,2025-09-27,CLI0017,DST01,FMT05,NAV02,INC02,LP-2025-002432,2025,MSKU8421380,22,21399.49,65285.56,9525.88,22,23,OnTime
3076,20250921,2025-09-21,CLI0019,DST06,FMT04,NAV05,INC01,LP-2025-002449,2025,HLBU6847395,20,17365.44,60412.63,4336.28,23,25,OnTime
3090,20251010,2025-10-10,CLI0015,DST02,FMT04,NAV01,INC01,LP-2025-002449,2025,HLBU3966374,20,16043.82,68596.96,7792.23,18,22,Late
3095,20251010,2025-10-10,CLI0031,DST03,FMT05,NAV05,INC01,LP-2025-002447,2025,MEDU3414407,21,18469.92,48649.77,9883.18,25,27,OnTime
3128,20251003,2025-10-03,CLI0002,DST01,FMT04,NAV04,INC03,LP-2025-002467,2025,CMAU8837053,22,21075.57,100652.71,8979.09,22,24,OnTime
3150,20251019,2025-10-19,CLI0028,DST02,FMT03,NAV02,INC02,LP-2025-002484,2025,CMAU3730172,19,17434.69,49005.43,5726.52,18,20,OnTime
3161,20251015,2025-10-15,CLI0003,DST02,FMT04,NAV03,INC02,LP-2025-002487,2025,HLBU5681496,19,16316.75,80919.66,7536.19,18,26,Late
3180,20251018,2025-10-18,CLI0025,DST05,FMT03,NAV01,INC02,LP-2025-002490,2025,MEDU4460270,21,21247.23,55355.41,9157.0,26,34,Late
3184,20251015,2025-10-15,CLI0012,DST01,FMT04,NAV04,INC02,LP-2025-002496,2025,MSKU3986361,20,17273.82,93817.57,7629.52,22,24,OnTime
3185,20251024,2025-10-24,CLI0006,DST01,FMT04,NAV04,INC02,LP-2025-002496,2025,MSKU4764346,20,17163.3,84258.07,7180.23,22,27,Late
3197,20251105,2025-11-05,CLI0006,DST01,FMT01,NAV04,INC03,LP-2025-002508,2025,MSKU2896439,21,20143.62,61220.49,11076.16,22,19,Early
3206,20251029,2025-10-29,CLI0026,DST01,FMT01,NAV01,INC02,LP-2025-002508,2025,MSKU8323388,22,23060.45,76507.65,13771.55,22,23,OnTime
3207,20251021,2025-10-21,CLI0023,DST03,FMT01,NAV03,INC03,LP-2025-002508,2025,MSKU9166943,21,21744.48,97913.22,9125.46,25,21,Early
3210,20251021,2025-10-21,CLI0009,DST04,FMT02,NAV05,INC03,LP-2025-002509,2025,HLBU8057314,19,19334.27,55081.4,5476.46,24,21,Early
3212,20251102,2025-11-02,CLI0006,DST01,FMT04,NAV03,INC02,LP-2025-002511,2025,CMAU6375447,18,16514.28,77336.37,8310.36,22,18,Early
3214,20251024,2025-10-24,CLI0008,DST03,FMT04,NAV05,INC01,LP-2025-002511,2025,CMAU4560159,21,18536.83,97522.26,7092.09,25,22,Early
3229,20251117,2025-11-17,CLI0006,DST01,FMT01,NAV02,INC03,LP-2025-002534,2025,HLBU4105673,18,17337.51,86805.45,4725.48,22,22,OnTime
3266,20251121,2025-11-21,CLI0013,DST05,FMT02,NAV04,INC03,LP-2025-002544,2025,MEDU7737608,20,17742.28,68458.59,8414.51,26,25,OnTime
3274,20251108,2025-11-08,CLI0027,DST09,FMT03,NAV01,INC02,LP-2025-002546,2025,HLBU1956393,21,20312.67,61417.39,9097.64,21,25,OnTime
3278,20251118,2025-11-18,CLI0017,DST01,FMT04,NAV05,INC03,LP-2025-002549,2025,MSKU8408995,19,19769.94,101722.27,11096.8,22,20,OnTime
3291,20251112,2025-11-12,CLI0004,DST02,FMT02,NAV02,INC01,LP-2025-002566,2025,HLBU8620303,21,17924.75,66959.7,8811.66,18,14,Early
3302,20251128,2025-11-28,CLI0029,DST07,FMT05,NAV03,INC03,LP-2025-002565,2025,MEDU1432646,22,19857.92,80063.16,8479.65,24,25,OnTime
3310,20251115,2025-11-15,CLI0032,DST01,FMT04,NAV04,INC02,LP-2025-002576,2025,CMAU1076692,22,22337.01,102754.71,11812.44,22,19,Early
3337,20251215,2025-12-15,CLI0003,DST02,FMT04,NAV04,INC01,LP-2025-002614,2025,MSKU5353089,21,18178.38,97726.97,7653.19,18,15,Early
3339,20251217,2025-12-17,CLI0005,DST09,FMT04,NAV02,INC01,LP-2025-002614,2025,MSKU9149906,21,23031.09,92511.28,9066.35,21,22,OnTime
3356,20251206,2025-12-06,CLI0011,DST09,FMT04,NAV05,INC03,LP-2025-002634,2025,HLBU8063407,22,23707.15,84286.03,11164.93,21,26,Late
3382,20260115,2026-01-15,CLI0014,DST02,FMT03,NAV01,INC02,LP-2025-002685,2026,MSKU8703693,20,18786.51,70894.65,9017.59,18,19,OnTime
3388,20260112,2026-01-12,CLI0030,DST04,FMT05,NAV01,INC02,LP-2025-002691,2026,HLBU7777660,22,23814.78,91848.84,9571.54,24,23,OnTime
